Clarke,Baldivia,Brother,2800428
Jarvis,Consolini,Father,2146455
Simone,Hilton,Uncle,2506376
Bearnard,Arigo,Father,2819820
Colbert,Chamorro,Fiance,2763936
Logan,Pouncil,Aunt,2084560
Nola,Abler,Wife,2182439
Urbano,Klomp,Husband,2477983
Demetrius,Connerly,Father,2277916
Neil,Lockheart,Fiance,2551200
Vasilis,Wormely,Grandfather,2488708
Gregorio,Schmeisser,Brother,2976927
Norma,Pries,Aunt,2397696
Newton,Thronson,Uncle,2205583
Nealy,Kilby,Brother,2853551
Tracy,Colopy,Husband,2084589
Kayleigh,Palenzuela,Sister,2653218
Anai,Morein,Sister,2853696
Aspen,Konz,Mother,2070231
Fazeel,Wendling,Grandfather,2555414
Ingrid,Cephas,Fiance,2900868
Thorny,Iguina,Husband,2612237
Cherie,Ordahl,Fiance,2153590
Mason,Economou,Grandfather,2107165
Sayres,Hollingshed,Son,2769489
Radcliffe,Gangelhoff,Brother,2185189
Spence,Mancos,Fiance,2184693
Lazare,Ingle,Uncle,2953793
Hastings,Pridham,Husband,2641276
Jadyn,Ruffini,Sister,2948442
Hersch,Balandran,Son,2938829
Rebeca,Greulich,Aunt,2963094
Marcio,Overbough,Husband,2453714
Madalyn,Gean,Fiance,2255417
Shaughn,Orleans,Father,2599008
Rena,Clewis,Grandmother,2780823
Victor,Tharrington,Father,2489257
Janice,Haggarty,Sister,2199591
Natalie,Nordon,Daughter,2142568
Lonny,Ripoll,Husband,2137204
Lewis,Tobey,Uncle,2531773
Angel,Runzler,Fiance,2929426
Elaine,Masaitis,Sister,2736053
Davin,Ken,Fiance,2458435
Jacob,Farlin,Father,2569080
Kailyn,Castillero,Wife,2905100
Davis,Tito,Uncle,2637963
Salomone,Ozols,Fiance,2216762
Gretel,Kyseth,Grandmother,2372930
Shea,Meador,Wife,2886693
Astrid,Jellerson,Wife,2899555
Spencer,Siedel,Wife,2991682
Igor,Knies,Fiance,2779466
Caryl,Peretz,Grandfather,2578773
Mariah,Deluccia,Sister,2770320
Sean,Pendergraft,Grandfather,2055206
Ismail,Leap,Brother,2018431
Claire,Ryken,Wife,2287438
Deane,Clewis,Uncle,2982505
Matthieu,Rippstein,Fiance,2575538
Meredith,Hildahl,Sister,2147918
Jakhia,Werremeyer,Fiance,2626311
Nicolas,Meador,Grandfather,2232270
Rudy,Roarx,Brother,2761120
Louis,Dolezal,Father,2665428
Verney,Needels,Uncle,2991311
Agustin,Hoffschneider,Husband,2454845
Genevieve,Panas,Grandmother,2974609
Lavonda,Unland,Aunt,2814673
Remington,Edmondson,Sister,2553953
Macey,Elsea,Sister,2334897
Fabiana,Leggans,Daughter,2859017
Gaspar,Mandonado,Brother,2077904
Shelbi,Marron,Grandmother,2769789
Mykayla,Gotshall,Daughter,2476974
Kensley,Troia,Mother,2909307
Hailey,Muralles,Mother,2779488
Kaelyn,Fabula,Fiance,2379346
Flynn,Garnick,Grandfather,2982560
Jolene,Fehn,Wife,2156104
Hendrick,Trenor,Father,2527604
Jenna,Fontanetta,Wife,2548598
Nestor,Varnadore,Father,2373563
Henrietta,Donilon,Fiance,2042264
Garcia,Mandonado,Husband,2177420
Shayla,Stalma,Mother,2657079
Skye,Delgato,Daughter,2890295
Matias,Spirounias,Husband,2733094
Shanya,Taccone,Daughter,2454940
Keara,Segarra,Fiance,2229891
Marsha,Gangelhoff,Fiance,2403760
Danae,Latson,Mother,2959498
Todd,Krupka,Husband,2042242
Alberta,Bellace,Mother,2779323
Fairfax,Verhaeghe,Son,2970553
Hillary,Regas,Son,2382965
Ivan,Hagberg,Son,2205707
Brielle,Soldan,Aunt,2731342
Madyson,Wyrostek,Aunt,2209434
Mortie,Elmo,Son,2788224
Vern,Tumlison,Grandfather,2578346
Angie,Mceachin,Grandmother,2194099
Frank,Lepere,Father,2173023
Washington,Loendorf,Son,2885080
Nyah,Bachtold,Grandmother,2324498
Tan,Reagon,Uncle,2192197
Tammie,Daquino,Sister,2216447
Tanisha,Donaghy,Fiance,2835712
Carsten,Kies,Brother,2845829
Oswald,Maryott,Uncle,2525168
Earline,Wandell,Mother,2851132
Wolfram,Mohaupt,Fiance,2810955
Clay,Keneally,Husband,2123995
Ajai,Doheny,Father,2124228
Stillman,Jagoda,Father,2559132
Mead,Lyas,Fiance,2929488
Gloria,Juart,Grandmother,2074425
Sal,Izzard,Son,2244744
Angie,Marusiak,Daughter,2612065
Cecelia,Kaing,Mother,2145814
Ed,Scheid,Son,2846050
Lion,Unland,Brother,2928838
Dorian,Blaise,Uncle,2784325
Aleck,Severyn,Fiance,2205518
Ellen,Marriner,Aunt,2529528
Rupert,Schlieter,Brother,2928933
Sayer,Schulteis,Fiance,2756422
Andrea,Feiler,Mother,2454309
Shaunte,Keomuangtai,Fiance,2413899
Bernice,Arambula,Sister,2405624
Haylie,Cosenza,Daughter,2988042
Zed,Earnheart,Fiance,2206124
Chadd,Ketelhut,Fiance,2430552
Sheron,Orazine,Wife,2436444
Rik,Marguez,Son,2710746
Audrey,Rastogi,Grandmother,2172655
Ibrahim,Eadie,Father,2874461
Valerie,Brandis,Mother,2727102
Giffard,Urreta,Grandfather,2995436
Wallis,Masaitis,Fiance,2541102
Moore,Lansang,Husband,2550528
Hiro,Courtoy,Father,2635796
Carolina,Dellon,Daughter,2502354
Antonius,Lestrange,Fiance,2944562
Merle,Castner,Fiance,2456738
Ender,Solivan,Brother,2970111
Eberhard,Gallmon,Son,2752238
Allen,Polselli,Fiance,2264948
Benji,Panos,Fiance,2166410
Keisha,Liquet,Aunt,2048777
Steward,Fortier,Grandfather,2726576
Alycia,Bueggens,Aunt,2330740
Azaria,Mafua,Fiance,2939483
Christelle,Gahan,Aunt,2763404
Blayne,Benck,Brother,2302760
Grayson,Cruthers,Daughter,2473763
Brewer,Mcmillon,Fiance,2119456
Crista,Martsolf,Aunt,2812127
Judith,Schoen,Sister,2280181
Laurance,Sarkin,Grandfather,2852580
Norwood,Simpkins,Father,2146312
Bobby,Lemmonds,Wife,2926651
Garcon,Lynds,Husband,2682402
Ashby,Dunbar,Father,2505802
Gregg,Mangaoang,Son,2297539
Howard,Burn,Husband,2405940
Nora,Nejman,Fiance,2905176
Georges,Cephas,Son,2464947
Miracle,Gastley,Mother,2148385
Keri,Goike,Mother,2976298
Teddie,Printup,Brother,2117747
Gregory,Volland,Fiance,2573869
Noel,Nilson,Father,2406141
Duncan,Savedra,Son,2616952
Thedrick,Arvizo,Grandfather,2893628
Mitchael,Coger,Husband,2802544
Erhard,Wendy,Grandfather,2382800
William,Heggood,Fiance,2119088
Lorna,Tarmey,Sister,2288233
Kalil,Raub,Uncle,2393857
Graham,Oktavec,Fiance,2634382
Sonnie,Wakayama,Husband,2529191
Abel,Colopy,Son,2503461
Clancy,Donnalley,Son,2790072
Kimmo,Artale,Brother,2612335
Marlin,Stumpo,Brother,2735723
Ephrayim,Dey,Husband,2624525
Beowulf,Tiff,Grandfather,2812930
Khadijah,Garinger,Sister,2918310
Lyndon,Brunecz,Uncle,2667575
Mustafa,Gilberg,Uncle,2415401
Christian,Lofwall,Aunt,2152971
Carina,Faulconer,Sister,2648863
Johanna,Lentini,Wife,2533444
Prescott,Goubeaux,Fiance,2621697
Wilma,Brodess,Mother,2463117
Zane,Meneal,Son,2068078
Jules,Thronson,Brother,2686711
Stan,Sperrey,Uncle,2583635
Wiatt,Bridgman,Husband,2303668
Marie,Upwall,Sister,2706899
Quinlan,Hales,Brother,2757990
Randi,Fickas,Husband,2930894
Ivette,Iwasaki,Fiance,2233311
Ichabod,Sheaman,Uncle,2092588
Tara,Arigo,Aunt,2348169
Kaeleigh,Skrzypinski,Wife,2271211
Grey,Deluccia,Daughter,2897343
Tamekia,Szumski,Mother,2597934
Pierre,Deblase,Grandfather,2671866
Helmuth,Keomuangtai,Uncle,2545720
Andrea,Ravenscroft,Mother,2522934
Rainer,Mandelberg,Uncle,2302168
Rita,Balliett,Sister,2549241
Julia,Dipietrantoni,Mother,2423013
Chandra,Essen,Aunt,2231159
Dwane,Ghramm,Fiance,2037996
Avraham,Zmich,Son,2149321
Idella,Vangerbig,Mother,2776647
Sydnie,Kerchner,Aunt,2036486
Willie,Keesecker,Wife,2143883
Juan,Parson,Grandfather,2634108
Noah,Koepf,Father,2595337
Johnnie,Arambula,Aunt,2645811
Mayer,Tiry,Fiance,2096478
Janyah,Agundez,Mother,2391474
Dahlia,Reever,Wife,2986666
Jules,Estell,Mother,2749676
Yardley,Bavelas,Brother,2805444
Rodrigo,Peretz,Father,2815372
Tracie,Gestether,Grandmother,2234146
Christy,Anthes,Daughter,2672197
Archon,Mikhaiel,Uncle,2676975
Gabriello,Bolduan,Brother,2530191
Horacio,Lambeck,Uncle,2209867
Sarah,Janiak,Aunt,2684351
Corky,Wreath,Brother,2218472
Annamarie,Kinghorn,Aunt,2744679
Berkeley,Lentini,Son,2953613
Jabez,Cullop,Uncle,2861956
Hamid,Turso,Grandfather,2969419
Orbadiah,Eadie,Father,2138538
Lara,Bartholemew,Sister,2131423
Pattie,Donaghy,Son,2320518
Theo,Jaap,Grandfather,2831959
Marcella,Dewaratanawan,Mother,2043289
Ingemar,Mccleese,Father,2656149
Cathryn,Arbucci,Fiance,2185220
Ariel,Schooling,Wife,2679915
Scott,Ordway,Fiance,2642781
Melissa,Mcfate,Grandmother,2847360
Shakia,Bently,Grandmother,2286705
Tobias,Wieder,Grandfather,2528647
Erl,Scallorn,Son,2279827
Jayda,Keomuangtai,Sister,2790627
Sheri,Sorensen,Grandmother,2281233
Wylie,Blanton,Son,2910905
Dugan,Rytuba,Son,2015626
Talya,Goosey,Grandmother,2301671
Stillmann,Schnarr,Brother,2718717
Ivette,Nodal,Sister,2895241
Matty,Villalpando,Son,2345818
Radcliffe,Robins,Grandfather,2238331
Sonya,Arbucci,Daughter,2078972
Loretta,Mordue,Aunt,2844137
Alexandra,Fasciano,Daughter,2102067
Alyza,Baysinger,Mother,2358514
Obadiah,Kubin,Grandfather,2163431
Eboni,Traweek,Grandmother,2190803
Rudolfo,Feiler,Father,2303683
Fowler,Wendy,Son,2651197
Izabelle,Seigle,Aunt,2870172
Julian,Pollutro,Husband,2929555
Dougie,Janiak,Father,2917857
Bailie,Patellis,Son,2204207
Virgil,Blankship,Uncle,2062048
Angelika,Surls,Daughter,2733563
Teah,Wasserman,Wife,2026316
Allene,Drummer,Daughter,2865669
Staffard,Mceachin,Husband,2894493
Corrine,Mckowen,Fiance,2500856
Hamid,Ordway,Fiance,2184907
Sophia,Dewaele,Mother,2923677
Shamya,Kadner,Mother,2103629
Dora,Salzar,Sister,2494461
Shirley,Steenhuis,Wife,2327285
Eugenia,Starkweather,Fiance,2018148
Germaine,Priode,Husband,2933743
Virgilio,Metelko,Father,2620523
Jakia,Ahimud,Fiance,2457807
Reba,Skokowski,Mother,2684720
Jane,Kyseth,Fiance,2992869
Webb,Alert,Father,2019842
Albert,Wisneski,Brother,2422438
Dabney,Syers,Husband,2504729
Marta,Payment,Daughter,2015990
Ambrose,Kerchner,Uncle,2667048
Sherica,Lestrange,Grandmother,2609879
Tenisha,Ordway,Aunt,2465680
Naomi,Keesecker,Aunt,2773496
Ellis,Doheny,Father,2290929
Chad,Jimeno,Brother,2564266
Lennie,Palenzuela,Husband,2005037
Jorja,Plunket,Daughter,2739765
Christiano,Flournoy,Grandfather,2756455
Curt,Kostelnik,Uncle,2956387
Goober,Torre,Brother,2637408
Carlos,Derden,Grandfather,2819881
Dayana,Schuelke,Fiance,2226743
Tonia,Eickman,Grandmother,2997377
Kara,Lecates,Grandmother,2735279
Jovana,Carnrike,Grandmother,2998332
Ericka,Staser,Fiance,2350999
Suzanne,Plonka,Sister,2174817
Baird,Wiesehan,Son,2298461
Helen,Capell,Aunt,2371142
Doris,Ozols,Sister,2653310
Eddy,Beeckman,Fiance,2086783
Lela,Traweek,Daughter,2788695
Lashana,Radatz,Daughter,2563365
Yank,Zeagler,Son,2370192
Hailie,Lonero,Wife,2998234
Gracie,Mancos,Aunt,2584352
Queen,Anthes,Daughter,2441331
Powell,Zolezzi,Grandfather,2078240
Thorny,Wendling,Grandfather,2113200
Maurits,Lahn,Fiance,2768154
Apollo,Corredor,Grandfather,2613002
Ivor,Kowallis,Grandfather,2261036
Jayna,Blumenkrantz,Aunt,2482782
Ebonie,Mulgrew,Wife,2492413
Jaelynn,Filosa,Sister,2490520
Angelic,Lesieur,Wife,2359035
Lorie,Limbo,Grandmother,2850619
Johan,Hoerger,Son,2060464
Penrod,Isagawa,Father,2748155
Hewie,Wasner,Husband,2448158
Hagen,Bonita,Grandfather,2256001
Tobe,Hales,Son,2345658
Earlene,Boltinghouse,Daughter,2844813
Justice,Gollihar,Aunt,2051308
Markesha,Frampton,Mother,2930898
Sergent,Colorado,Son,2178528
Ameerah,Stribling,Daughter,2594197
Lottie,Hutchens,Wife,2892854
Aria,Cinnamon,Daughter,2201697
Richmond,Knies,Husband,2348250
Madison,Stoklasa,Uncle,2669536
Mordecai,Muskett,Fiance,2385520
Zaya,Melecio,Aunt,2475759
Denisse,Yeater,Sister,2422837
Katalina,Monard,Mother,2227982
Gavin,Afoa,Son,2933283
Sean,Deblase,Husband,2895524
Shardae,Upwall,Aunt,2749899
Prentice,Quider,Son,2853177
Krishna,Medders,Son,2229798
Verne,Osterhouse,Son,2267996
Aubert,Bleiler,Fiance,2818168
Guillermo,Hariston,Brother,2685330
Terry,Iino,Husband,2431490
Jotham,Glesener,Grandfather,2475653
Bartolomei,Ryken,Husband,2092713
Guy,Varnadore,Son,2182911
Glenn,Youngerman,Father,2070424
Skippie,Mordue,Uncle,2939759
Sebastiano,Cardoza,Father,2005736
Price,Voglund,Fiance,2086160
Carol,Semmler,Daughter,2963100
Thibaud,Kinsland,Father,2687145
Harvey,Scee,Grandfather,2360984
Ferdinand,Kornblum,Husband,2255027
Winny,Woyahn,Uncle,2936211
Irma,Brigantino,Daughter,2859517
Brittney,Sundin,Fiance,2527106
Chevalier,Lynk,Uncle,2757361
Francis,Leconey,Mother,2940136
Rachel,Fehn,Grandmother,2405255
Arturo,Difranco,Son,2693651
Sherry,Latson,Grandmother,2367989
Bobby,Hilaire,Grandfather,2357341
Iona,Laska,Fiance,2221747
Nikkia,Shutty,Fiance,2897384
Darryl,Benabides,Uncle,2291531
Izak,Dececco,Fiance,2118532
Susanna,Schnur,Daughter,2549500
Zack,Cockrill,Husband,2375005
Justina,Fiori,Grandmother,2353854
Denisse,Caneva,Aunt,2104886
Bartolomei,Delucia,Fiance,2696911
Raechel,Bocock,Daughter,2321992
Ofelia,Youngerman,Fiance,2307655
Kacey,Kello,Sister,2572208
Brinkley,Cramer,Son,2129609
Franklin,Mccance,Husband,2179720
Zeke,Assing,Father,2668517
Justine,Kennell,Aunt,2244933
Mellissa,Catanzaro,Daughter,2093807
Jeraldine,Edmondson,Fiance,2144441
Kathi,Monjaras,Sister,2268771
Glynn,Younan,Father,2290428
Lisette,Lomeli,Mother,2119262
Brandy,Blough,Mother,2687097
Gerry,Mugica,Husband,2199063
Salman,Hutcheson,Son,2630787
Lezlie,Rushia,Sister,2347873
Beaufort,Jahnke,Brother,2930293
Thaine,Soller,Uncle,2574156
Keyonna,Soard,Sister,2049268
Ed,Mcglawn,Husband,2961036
Tanya,Stalma,Aunt,2468996
Janice,Alert,Daughter,2413551
Lee,Pohler,Sister,2940137
Indira,Tetzlaff,Mother,2224277
Manuel,Judie,Son,2754827
Tedrick,Scaff,Grandfather,2580551
Andie,Currence,Husband,2827795
Hillery,Kukowski,Fiance,2317851
Octavius,Esselink,Son,2476485
Tiebold,Hansberger,Fiance,2641083
Wanda,Chronis,Daughter,2600310
Aguinaldo,Arps,Grandfather,2762125
Floyd,Faraldo,Uncle,2477336
Sivert,Corvelli,Brother,2457391
Donn,Thum,Grandfather,2044657
Hasty,Repenning,Fiance,2152813
Maribel,Quider,Wife,2573498
Lourdes,Zaring,Grandmother,2282707
Whitman,Kelsay,Uncle,2501800
Niccole,Droski,Grandmother,2317631
Nev,Miricle,Fiance,2897620
Leatha,Bovee,Daughter,2386333
Brady,Drummer,Husband,2195075
Bogart,Dey,Fiance,2879404
Shelby,Lahr,Fiance,2648312
Becky,Anastas,Fiance,2084373
Meade,Meckes,Brother,2361146
Job,Mcnaney,Fiance,2143992
Stanley,Sturner,Fiance,2277786
Marvin,Juart,Grandfather,2888720
Alecia,Burruel,Mother,2022201
Ferinand,Mclaney,Fiance,2453627
Leif,Salberg,Uncle,2059872
Brenda,Coviello,Daughter,2536314
Eddy,Thum,Brother,2771985
Willem,Dople,Husband,2519173
Tailor,Hesselbach,Fiance,2983839
Deborah,Kerchner,Fiance,2210974
Gabriel,Cassi,Brother,2566841
Sunny,Shupe,Wife,2685563
Myrtle,Varno,Daughter,2821653
Meade,Wakayama,Brother,2052928
Zoee,Dolen,Mother,2974741
Cameryn,Schleh,Aunt,2056963
Eduardo,Greco,Uncle,2642339
Taniya,Wait,Sister,2625720
Francesco,Porada,Grandfather,2304126
Demetre,Bichel,Fiance,2294710
Mohamed,Mcglathery,Son,2254633
Cornelius,Fiori,Husband,2680683
Amariya,Henrey,Grandmother,2858432
Janessa,Ifie,Wife,2270588
Josie,Miricle,Fiance,2529101
Josie,Thronson,Mother,2958317
Wesley,Stribling,Father,2009201
Wilber,Tovmasyan,Uncle,2411763
Lilian,Azevedo,Fiance,2479762
Carla,Bakewell,Wife,2973577
Michal,Largena,Uncle,2955885
Kasandra,Schadt,Aunt,2691178
Odysseus,Battin,Grandfather,2928910
Bjorne,Lafayette,Fiance,2097342
Barn,Chamble,Husband,2725037
Remus,Vangerbig,Son,2883831
Terry,Hepp,Daughter,2350616
Rosa,Walseth,Sister,2613496
Rosa,Serban,Fiance,2446542
Janell,Yancik,Fiance,2580241
Joanna,Leithauser,Aunt,2831022
Rilee,Triglia,Daughter,2182104
Rufus,Maroudas,Husband,2165557
Zary,Mcbrady,Grandfather,2045356
Hew,Greener,Brother,2004743
Mckayla,Yonemura,Sister,2089887
Lesa,Echavez,Wife,2622935
Adolf,Kausch,Father,2579192
Jaslyn,Seifried,Mother,2651754
Kathryn,Steenhuis,Fiance,2344216
Evelyn,Croan,Daughter,2252428
Hilton,Mcglathery,Grandfather,2926282
Erin,Pohler,Daughter,2382419
Tammy,Dukeman,Grandmother,2645683
Giffie,Donnalley,Fiance,2042565
Lacey,Donnalley,Grandmother,2349159
Renard,Revard,Uncle,2284393
Raya,Rief,Wife,2534014
Johnathon,Carnegia,Uncle,2995207
Lee,Patnaude,Father,2372091
Hervey,Roessing,Father,2913814
Brittany,Lompa,Aunt,2536655
Wain,Stant,Husband,2758003
Tammie,Mancos,Wife,2793133
Bud,Schnur,Father,2775491
Linda,Assing,Aunt,2824174
Gilles,Taitt,Fiance,2970991
Holli,Walston,Wife,2621917
Charley,Kinnear,Uncle,2195170
Perceval,Cherebin,Husband,2135695
Stella,Consolini,Mother,2541205
Gunter,Rada,Grandfather,2453911
Kristen,Serie,Grandmother,2561962
Elsa,Verhaeghe,Wife,2167748
Kayla,Tovmasyan,Wife,2268285
Anita,Bellessa,Mother,2634997
Selig,Taymon,Son,2373505
Stephan,Solivan,Son,2330619
Rodger,Flournoy,Uncle,2515685
Judy,Elmo,Fiance,2310107
Thedric,Janiak,Brother,2959362
Karol,Murnan,Aunt,2721895
Brynn,Mcfate,Daughter,2905881
Timeka,Wobig,Grandmother,2390400
Shirley,Tolleson,Grandmother,2443468
Wendy,Gerold,Mother,2130751
Pennie,Abler,Uncle,2328718
Johnnie,Gerold,Fiance,2738491
Ryann,Kammerer,Mother,2759760
Ada,Pasquin,Aunt,2856404
Callista,Ordahl,Mother,2348367
Devon,Tumlison,Father,2331323
Margaret,Campion,Wife,2312208
Kathleen,Vora,Fiance,2291472
Aurelia,Koplin,Daughter,2195005
Lauren,Quintyne,Sister,2643336
Silvan,Hach,Grandfather,2174359
Del,Azer,Uncle,2419020
Hans,Brendal,Grandfather,2439310
Story,Nichell,Fiance,2633429
Mohammed,Porada,Son,2675319
Silvio,Sasseville,Uncle,2823233
Barnaby,Yonemura,Grandfather,2468531
Sheena,Caldeira,Wife,2200469
Heidi,Klick,Grandmother,2567946
Julia,Matthias,Mother,2793468
Margaret,Tussey,Mother,2047117
Hussein,Magouirk,Grandfather,2858716
Rudy,Patellis,Fiance,2672628
Scotty,Tito,Husband,2197478
Hammad,Zelasko,Son,2399913
Cheyenne,Vivenzio,Mother,2708013
Aleks,Nichell,Brother,2521385
Trinidy,Mcmaster,Aunt,2057960
Thebault,Esquivel,Son,2483288
Dory,Pouncil,Son,2321343
Lilly,Pollica,Sister,2309494
Nellie,Camarero,Fiance,2943254
Charly,Espadas,Aunt,2603666
Tabetha,Lemen,Daughter,2658521
Garcia,Segarra,Husband,2288451
Moshe,Metchikoff,Fiance,2163608
Tanya,Mollenkopf,Wife,2032201
Randi,Gallati,Fiance,2018577
Allan,Brendal,Father,2467182
Deborah,Seifried,Sister,2988059
Mercy,Acock,Mother,2400096
Rourke,Eskelsen,Brother,2186111
Yacov,Fasheh,Husband,2452356
Sandy,Villalpando,Brother,2352400
Quiggly,Patellis,Uncle,2844914
Brandy,Lofwall,Brother,2570862
Tudor,Ditton,Brother,2249731
Kiara,Pecht,Fiance,2676388
Ciara,Esselink,Sister,2293028
Tymon,Levandowski,Father,2632443
Bryon,Tonozzi,Father,2965621
Tera,Sharrard,Grandmother,2540990
Tan,Kozee,Grandfather,2056000
Donald,Skokowski,Father,2411914
Bret,Zaring,Son,2950227
Diandra,Hyacinthe,Mother,2463413
Lyndon,Stickel,Son,2147834
Ruby,Speach,Grandmother,2770295
Sebastien,Sinstack,Son,2359345
Zared,Hutchens,Father,2859939
Caesar,Kinnear,Son,2903005
Shaelyn,Bagnoli,Grandmother,2391879
Prentice,Hornack,Brother,2883818
Ramsey,Bastick,Aunt,2781885
Olga,Mciltrot,Aunt,2117017
Micheal,Roane,Son,2137090
Walsh,Eismont,Father,2755896
Kaela,Guedes,Fiance,2584386
Heather,Yerger,Daughter,2423920
Farah,Doheny,Sister,2451895
Graig,Paeth,Fiance,2330614
Alena,Cinnamon,Daughter,2438694
Eva,Lemmonds,Sister,2602976
Etienne,Boardwine,Father,2008328
Upton,Spanton,Fiance,2111229
Erin,Strate,Fiance,2179555
William,Kiesow,Brother,2459211
Jeffery,Sten,Father,2361876
Hewie,Hach,Fiance,2089126
Mina,Marcucci,Sister,2022218
Osgood,Kiesow,Father,2190403
Geraldo,Goswick,Father,2668993
Isha,Fairbrother,Fiance,2050838
Tammy,Dalman,Fiance,2122054
Thorn,Beer,Fiance,2721386
Lizette,Lupton,Mother,2237304
Makayla,Hirtz,Grandmother,2283426
Conchita,Cruthers,Mother,2094590
Amber,Mendosa,Grandmother,2557142
Linda,Fuentes,Sister,2613074
Gustav,Mancos,Father,2987753
Lester,Ribera,Husband,2766591
Antonette,Swaim,Daughter,2100458
Brook,Rytuba,Father,2703353
Lena,Offen,Sister,2764087
Alene,Leconey,Aunt,2087579
Avis,Buetow,Grandmother,2967791
Kirk,Lonneman,Uncle,2182946
Felecia,Henry,Wife,2762798
Josselyn,Ardito,Grandmother,2714876
Jorge,Baltierra,Uncle,2210956
Ivelisse,Pinter,Wife,2326457
Clayborne,Pitassi,Grandfather,2849061
Enrique,Lucich,Fiance,2909112
Rory,Hilton,Son,2275274
Richelle,Pizzino,Grandmother,2878556
Weider,Corredor,Son,2209057
Robert,Talas,Wife,2757654
Mikhail,Blumenkrantz,Father,2817208
Lawrence,Feggins,Grandfather,2685040
Vasili,Lentini,Son,2681602
Shane,Serban,Husband,2837361
Pepito,Elmo,Fiance,2999557
Gwen,Wendel,Wife,2296305
Ina,Antos,Wife,2036426
Areli,Gastley,Aunt,2186684
Leonidas,Ordahl,Grandfather,2100297
Kerstin,Seniff,Fiance,2051849
Tristen,Landazuri,Aunt,2728163
Sapphira,Stoffels,Grandmother,2232468
Ouida,Gilberg,Aunt,2815324
Anson,Raines,Grandfather,2292112
Justine,Siciliano,Sister,2559635
Godart,Iino,Husband,2079010
Timmy,Schwalm,Son,2757363
Dell,Blaise,Son,2739387
Zoraida,Whildin,Mother,2851412
Tricia,Benek,Grandmother,2945348
Bethany,Munzer,Wife,2513833
Tasha,Mancos,Aunt,2287061
Agatha,Plunket,Fiance,2489449
Lindy,Abler,Grandmother,2875681
Cole,Debus,Father,2640418
Wye,Depperschmidt,Son,2360686
Avah,Speach,Fiance,2405334
Stacy,Finical,Sister,2215983
Perla,Ryans,Sister,2265954
Karley,Plonka,Wife,2375563
Jermayne,Samoyoa,Uncle,2061976
Hersh,Sheroan,Son,2985245
Anslee,Mittan,Wife,2214947
Kailynn,Lapinski,Daughter,2644068
Eve,Mulgrew,Mother,2764453
Jereme,Rippstein,Brother,2809079
Artur,Dinuzzo,Son,2042034
Edmund,Scallorn,Son,2577060
Alyssia,Shoulder,Wife,2910461
Natacha,Snay,Wife,2282043
Lilianne,Schleh,Daughter,2483596
Durante,Schnur,Fiance,2347861
Ramsay,Fayad,Father,2364266
Leticia,Tetzlaff,Mother,2958351
Priscila,Essen,Daughter,2271289
Remus,Oktavec,Brother,2030562
Kenadie,Kiesow,Grandmother,2929363
Arlene,Strate,Mother,2972225
Gilburt,Gulbrandson,Grandfather,2229000
Bailey,Pohler,Fiance,2785972
Henrie,Dubeau,Husband,2632396
Annabel,Staser,Fiance,2967215
Giles,Ferratt,Fiance,2312162
Kristen,Him,Daughter,2193281
Francois,Dewaele,Uncle,2075630
Eryn,Valerie,Wife,2176748
Ericka,Pugliares,Aunt,2181861
Ivan,Kubin,Father,2018141
Marcela,Louks,Grandmother,2337987
Don,Chamble,Husband,2706404
Toya,Brecht,Grandmother,2785747
Winnie,Doberstein,Grandmother,2365644
Bryce,Printup,Grandmother,2880954
Lemmie,Bartholemew,Grandfather,2492790
Helen,Biersack,Sister,2453426
Jacquelin,Huddleson,Wife,2649622
Annie,Dyment,Mother,2724404
Ruddie,Onkst,Son,2180069
Aldric,Massena,Grandfather,2529245
Wang,Lusco,Husband,2518727
Lindsey,Scaff,Fiance,2372926
Jeremy,Ditto,Daughter,2096746
Nicole,Bartholemew,Daughter,2397137
Regine,Retzler,Grandmother,2504832
Hyman,Delaet,Father,2793814
Annette,Souther,Wife,2344064
Shelly,Iino,Mother,2558275
Robert,Deschomp,Fiance,2910555
Letitia,Rell,Grandmother,2335703
Mercedez,Semmes,Grandmother,2586775
Sheridan,Benwarc,Brother,2614777
Han,Sharrard,Father,2437991
Ivana,Yeater,Daughter,2170073
Shelia,Alario,Mother,2986480
Erica,Mccurry,Sister,2461745
Johny,Blenker,Uncle,2364476
Ritch,Selic,Uncle,2979721
Brent,Swails,Uncle,2690135
Dana,Attia,Father,2686453
Conroy,Bates,Father,2714030
Brock,Duchesney,Son,2713511
Ivan,Kello,Father,2628177
Lynne,Baade,Aunt,2267148
Melina,Baade,Sister,2028053
Bryce,Hoerger,Son,2018177
Karen,Gangelhoff,Fiance,2035014
Tabbie,Wasner,Grandfather,2427502
Marguerite,Finical,Fiance,2004651
Andria,Kinghorn,Fiance,2640508
Mackenna,Lyas,Daughter,2900091
Jude,Schlieter,Husband,2432979
Cherie,Manno,Aunt,2907331
Ruperto,Mulready,Brother,2593260
Len,Meckes,Fiance,2736379
Hollie,Klipp,Sister,2268967
Tirrell,Valerie,Uncle,2215907
Dolores,Kornblum,Mother,2746825
Ulysses,Flournoy,Brother,2732746
Marlene,Bavelas,Daughter,2018313
Harris,Kinsland,Grandfather,2867941
Kin,Andra,Father,2506773
Brooke,Syers,Fiance,2261756
Jolie,Brodess,Sister,2119128
Forbes,Malay,Brother,2950117
Wilmar,Esaw,Grandfather,2449399
Kimberlee,Jermeland,Aunt,2541395
Felix,Arne,Husband,2457541
Tanesha,Kello,Daughter,2757482
Eugenia,Erdmann,Sister,2811891
Leila,Kleppe,Wife,2207979
Chrystal,Romanick,Wife,2850971
Sylvia,Nazzal,Aunt,2438106
Fraser,Parson,Husband,2587304
Berk,Triller,Grandfather,2216546
Salem,Gottula,Fiance,2243465
Johnathon,Spahr,Father,2421672
Peter,Wyandt,Grandfather,2026679
Zerk,Monjaras,Husband,2551696
Sheila,Hanify,Daughter,2629458
Rosa,Kribbs,Daughter,2739688
Chandler,Shadd,Uncle,2568606
Heather,Schmeisser,Wife,2332408
Shannon,Rochefort,Fiance,2229610
Burnaby,Hannegan,Fiance,2189367
Shylah,Bartholemew,Grandmother,2535152
Chastity,Scurlock,Aunt,2212445
Ruddy,Jagoda,Father,2240509
Jessenia,Marriner,Grandmother,2114707
Deidre,Dunsworth,Sister,2320583
Tammy,Baskind,Father,2836081
Evangeline,Carratura,Grandmother,2445395
Jeri,Schwadron,Grandmother,2361342
Ricard,Valerie,Son,2825226
Torin,Iwasaki,Son,2217105
Stewart,Vancise,Husband,2149630
Nadine,Cockerhan,Aunt,2153660
Ivanna,Coldwell,Sister,2673502
Mari,Serie,Mother,2906508
Anna,Brunmeier,Wife,2348108
Jonathan,Zawacki,Brother,2667754
Lem,Debrock,Fiance,2033725
Gasper,Hafeman,Father,2857257
Sara,Lamon,Mother,2871702
Abel,Haya,Grandfather,2486420
Fitz,Vanblaricum,Uncle,2138543
Ephrayim,Malan,Husband,2743540
Evan,Lennard,Husband,2618791
Juan,Deahl,Father,2896027
Ruth,Hanify,Fiance,2937844
Edward,Yousko,Uncle,2925821
Jordy,Cassi,Husband,2952368
Neron,Vaughen,Grandfather,2992928
Jeanette,Salmi,Wife,2106257
Adrick,Sasseville,Fiance,2593378
Aube,Dyment,Husband,2289028
Daniela,Sten,Mother,2463127
Pyotr,Schulte,Husband,2791594
Lucile,Calway,Fiance,2023450
Hans-Peter,Larsen,Grandfather,2376534
Devin,Moncher,Grandmother,2594262
Barnebas,Quider,Fiance,2015960
Raymund,Gabay,Father,2407851
Rickard,Mceachin,Fiance,2499387
Darien,Kammerer,Husband,2057570
Godwin,Sheftall,Grandfather,2110715
Fyodor,Meulemans,Grandfather,2701530
Teddy,Bonita,Fiance,2044845
Serena,Vilcan,Fiance,2007913
Dickey,Novielli,Son,2903077
Garvy,Henrey,Grandfather,2052814
Tameeka,Lafayette,Grandmother,2118934
Alexis,Kinnear,Aunt,2676859
Kaylyn,Abner,Aunt,2667334
Bartholomew,Cullinane,Fiance,2845265
Audrey,Ciccolini,Wife,2488029
Federico,Bovee,Uncle,2168944
Kostas,Gries,Grandfather,2564009
Rashida,Asevedo,Fiance,2873264
Friedrick,Baney,Grandfather,2918155
Alexia,Baney,Mother,2730742
Rad,Aye,Husband,2838560
Zakia,Grassie,Grandmother,2348868
Suzanne,Sattley,Wife,2774132
Holly,Panas,Uncle,2755297
Dante,Voeks,Grandfather,2698035
Vanessa,Upwall,Sister,2154374
Tonya,Schaunaman,Sister,2905744
Gerrard,Bessey,Fiance,2627806
Stephanie,Methot,Fiance,2711043
Stacia,Reines,Grandmother,2451954
Roy,Taiwo,Son,2233310
Mick,Mancos,Grandfather,2910340
Lola,Mccance,Fiance,2994068
Sayer,Gossman,Father,2965634
Leigh,Adank,Grandmother,2283718
Shirley,Engelbach,Sister,2514868
Angie,Bonita,Wife,2836328
Shani,Latney,Fiance,2241810
Yule,Yeater,Husband,2460856
Sinclair,Ortenzio,Fiance,2964585
Carroll,Juart,Father,2346882
Matthus,Goldy,Grandfather,2647790
Sammie,Consolini,Father,2940427
Garp,Corvelli,Grandfather,2717617
Harry,Mcnell,Father,2824602
Garrett,Wonsik,Brother,2094075
Barnabe,Tito,Uncle,2088758
Kingsly,Him,Brother,2522781
Philip,Maddoy,Uncle,2120188
King,Lestrange,Grandfather,2684005
Sammie,Wendy,Uncle,2613798
Bryana,Fortier,Sister,2967694
Grace,Saborido,Grandmother,2142877
Fons,Severyn,Son,2883343
Rosemarie,Personius,Grandmother,2088584
Theodoric,Kolsrud,Father,2997096
Ivette,Cockerhan,Daughter,2519620
Carroll,Beshears,Fiance,2244897
Rachelle,Schooling,Aunt,2830384
Nicolas,Robers,Son,2986946
Ruperto,Kammerer,Brother,2315692
Jaymie,Schloop,Wife,2686959
Ward,Hoerger,Brother,2621661
Sherman,Madrueno,Fiance,2383740
Yank,Lemmonds,Fiance,2375806
Ria,Yeater,Sister,2801388
Roberto,Grames,Son,2266940
Corbin,Thum,Fiance,2417442
Rosanne,Betances,Fiance,2215045
Bard,Goubeaux,Brother,2051706
Ashley,Maree,Brother,2049316
Frankie,Zoldesy,Fiance,2898260
Alexia,Garnier,Sister,2319682
Plato,Fasciano,Uncle,2928977
Claudette,Jordison,Mother,2778696
Emil,Bowdish,Father,2477987
Jo,Frankson,Sister,2438059
Michale,Brow,Husband,2372780
Linden,Olmo,Fiance,2257014
Rod,Abner,Brother,2959725
Quintina,Monard,Wife,2895954
Star,Hynd,Grandmother,2611599
Layton,Anthes,Uncle,2706559
Nataly,Steer,Grandmother,2262108
Edwin,Loendorf,Uncle,2760465
Charlotte,Hirsche,Sister,2269455
Alex,Casada,Husband,2616982
Baily,Bridgette,Father,2731854
Krysten,Puna,Daughter,2723357
Mollie,Salin,Wife,2829093
Natosha,Simonson,Mother,2072849
Cherie,Dampeer,Fiance,2804487
Val,Hutzel,Uncle,2983235
Jackie,Pille,Sister,2952337
Roth,Lonneman,Father,2017801
Lorene,Scaff,Wife,2724236
Dania,Stowbridge,Wife,2176133
Jewel,Stumpo,Aunt,2909178
Tam,Bonita,Grandfather,2237960
Shea,Soucy,Uncle,2749645
Esther,Jeanjacques,Mother,2613256
Nathalia,Eickman,Sister,2090330
Corey,Bergamine,Fiance,2920849
Terence,Jellerson,Brother,2578693
Lukas,Ringus,Son,2325941
Fairfax,Fason,Father,2199067
Tierra,Carpenito,Daughter,2975901
Colbert,Gazo,Uncle,2275416
Scotty,Baade,Fiance,2098109
Engelbart,Hirsche,Brother,2548509
Shayna,Dople,Wife,2633420
Price,Danfield,Brother,2823298
Ralph,Sahler,Brother,2659226
Hiram,Meisinger,Son,2746722
Shira,Staser,Aunt,2354663
Pierson,Lesieur,Father,2583104
Rockwell,Ortenzio,Brother,2515953
Thurston,Marta,Brother,2180973
Hezekiah,Kosters,Uncle,2375142
Ivis,Trudel,Daughter,2319306
Engelbert,Benck,Husband,2263644
Francis,Bialaszewski,Grandfather,2425957
Skippie,Weger,Fiance,2253564
Patti,Courtoy,Mother,2614129
Lowell,Afoa,Son,2351273
Tamas,Horwitz,Husband,2312821
Alessia,Billings,Wife,2052904
Brady,Busskohl,Brother,2427885
Rabi,Attia,Fiance,2828857
Albertha,Kirn,Grandmother,2186651
Rhea,Kinsland,Mother,2059835
Delayna,Landazuri,Daughter,2468758
Hershel,Selic,Uncle,2931664
Thornie,Gottula,Husband,2564444
Dimitry,Ardito,Father,2134256
Myke,Rodrguez,Husband,2164215
Pail,Sobrowski,Uncle,2635035
Horatio,Osterhouse,Husband,2669292
Maxwell,Eacret,Grandfather,2165965
Gerry,Vaughen,Brother,2632657
Edgar,Vasconcelos,Uncle,2919942
Maria,Avinger,Aunt,2210694
Arlette,Hesselbach,Fiance,2170182
Carlo,Aguliar,Husband,2465129
Fons,Vergo,Uncle,2537786
Peirce,Jover,Father,2311311
Christine,Parodi,Sister,2282533
Jean-Lou,Laursen,Brother,2930614
Estefania,Seifried,Grandmother,2999102
Lincoln,Iino,Father,2276969
Martha,Younglove,Wife,2327880
Kyle,Koplin,Husband,2407397
Skylar,Koh,Husband,2775296
Phineas,Rogian,Brother,2908492
Carlee,Squire,Mother,2490917
Jimena,Schurz,Daughter,2933715
Mitchel,Terron,Son,2227559
Tarzan,Arcilla,Fiance,2470437
Kia,Ripoll,Wife,2462200
Torrin,Semmler,Brother,2740827
Gaven,Kerens,Husband,2473169
Torey,Duchesney,Grandfather,2591077
Connor,Rothbauer,Fiance,2422457
Octavia,Clewis,Sister,2629011
Georgianna,Hilton,Aunt,2146063
Baldwin,Upwall,Son,2826801
Saunderson,Volland,Uncle,2044468
Sinclare,Jahnke,Grandfather,2285826
Gaston,Vangerbig,Father,2735024
Tara,Fiori,Fiance,2124245
Dane,Soller,Brother,2932015
Kalvin,Younan,Father,2928814
Brody,Massena,Father,2561277
Paula,Konz,Aunt,2857579
Vite,Gottula,Uncle,2185708
Judith,Vancise,Husband,2697141
Temp,Hoerger,Uncle,2392033
Finley,Stoffle,Father,2140024
Avalynn,Frankson,Grandmother,2679196
Hamnet,Zmich,Grandfather,2774823
Noa,Cabada,Mother,2354998
Shyla,Norway,Aunt,2958436
Jean,Aguliar,Wife,2686041
Jeff,Sarkin,Grandfather,2367385
Cathryn,Doberstein,Fiance,2244709
Leslie,Cephas,Mother,2186016
Cortney,Trucker,Grandmother,2480600
Kellen,Regas,Father,2555878
Mollie,Wiesehan,Sister,2992219
Alexa,Orphey,Wife,2167293
Kathleen,Leggans,Daughter,2824406
Delaina,Strahle,Daughter,2369078
Ajay,Rastogi,Son,2149027
Jordan,Pugliares,Uncle,2947658
Theodoric,Leap,Uncle,2163405
Janiya,Loiselle,Sister,2396244
Leah,Acton,Daughter,2556941
Rickard,Stuteville,Fiance,2155064
Jeffery,Polimeni,Grandfather,2795168
Kymora,Saeli,Grandmother,2743820
Shimon,Colopy,Fiance,2595759
Falon,Bonita,Grandmother,2875502
Jessenia,Avinger,Grandmother,2103791
Herman,Donnalley,Grandfather,2074750
Hermy,Riojas,Brother,2418369
Gayle,Siglin,Son,2520093
Zach,Pola,Grandfather,2348965
Ada,Marta,Mother,2920680
Tarrant,Edmondson,Father,2222487
Litzy,Summerset,Sister,2636052
Ruben,Scee,Brother,2034014
Washington,Skokowski,Brother,2455066
Keila,Maryott,Sister,2129004
Zach,Carratura,Grandfather,2510580
Noam,Shilt,Grandfather,2367795
Michayla,Belsheim,Mother,2769670
Marsha,Troxil,Mother,2275391
Niall,Battko,Grandfather,2019393
Mack,Camarero,Husband,2458147
Shelton,Rapoza,Son,2065725
Trevor,Turko,Grandfather,2420689
Norma,Benek,Mother,2776024
Ashley,Diaz,Son,2456543
Regan,Krakowiak,Husband,2125186
Upton,Strate,Brother,2436192
Collins,Vergeer,Uncle,2858979
Lefty,Dickert,Fiance,2104217
Chip,Faulconer,Uncle,2747335
Waylen,Puna,Father,2764592
Filbert,Stratter,Grandfather,2804092
Penn,Nordon,Husband,2803770
Bobbie,Dibiasi,Fiance,2836907
Cyrill,Ruf,Grandfather,2875181
Fletch,Bittick,Husband,2336715
Ray,Guillerault,Husband,2585842
Alejandro,Schadt,Brother,2395940
Lydia,Chermak,Grandmother,2715674
Chastity,Gulbrandson,Grandmother,2043936
Lucia,Fayad,Fiance,2111957
Darryl,Szumny,Father,2309765
Jailene,Harkenreader,Mother,2014802
Ryan,Caldeira,Uncle,2991817
Vernen,Garnick,Grandfather,2104829
Eldon,Friehe,Father,2901736
Janice,Magouirk,Aunt,2380917
Mildred,Marusiak,Aunt,2812203
Sergeant,Pille,Father,2978655
Bonnie,Zmich,Grandmother,2251527
Merle,Kasun,Sister,2083815
Langston,Staff,Father,2685796
Myah,Nania,Grandmother,2514425
Shari,Sten,Fiance,2220176
Jeanne,Alario,Daughter,2803772
Laird,Benek,Grandfather,2329715
Nealy,Souther,Grandfather,2757916
Barney,Mcclenton,Brother,2632713
Rube,Mangicavallo,Father,2143340
Billy,Kovar,Uncle,2805578
Dorothea,Cruthers,Fiance,2998415
Belinda,Galipeau,Fiance,2664516
Ernie,Ganze,Grandfather,2116548
Friedrick,Scheerer,Uncle,2428859
Ansell,Palomino,Fiance,2392393
Alexander,Poppe,Son,2102568
Oral,Sollock,Husband,2663681
Karl,Buetow,Fiance,2629800
Earlene,Nathanson,Sister,2422202
Dionis,Carpenito,Uncle,2070937
Gaspar,Dewall,Brother,2499019
Elia,Seanez,Aunt,2510636
Kristiana,Matelski,Grandmother,2160620
Hayes,Wandell,Grandfather,2668148
Vladimir,Unland,Son,2433866
David,Kummerow,Brother,2665314
Standford,Younan,Uncle,2293143
Vaughn,Cosenza,Uncle,2902427
Maryam,Rockenbaugh,Fiance,2852206
Marshal,Heatly,Son,2598288
Arlene,Swaim,Daughter,2340764
Melba,Rogian,Aunt,2518341
Pail,Mounkes,Grandfather,2051776
Marci,Mcgruder,Fiance,2424238
Arianne,Izzard,Grandmother,2699638
Astrid,Wiedmann,Wife,2432074
Renault,Massoud,Fiance,2629290
Garold,Wendling,Grandfather,2222697
Hadrian,Chalfin,Brother,2355948
Kathleen,Wine,Wife,2103315
Thelma,Chamorro,Grandmother,2981940
Mikael,Matthias,Brother,2352442
Maison,Economou,Uncle,2936857
Amelia,Maxi,Fiance,2868103
Demetre,Maryott,Husband,2273862
Cassandra,Daty,Sister,2303529
Haley,Cillis,Sister,2989352
Amalia,Zoda,Sister,2844143
Fons,Nao,Brother,2158660
Carmen,Gottula,Grandmother,2041207
Pat,Meulemans,Sister,2593757
Nori,Catrett,Mother,2042092
Waverly,Boomershine,Brother,2990421
Sarge,Romano,Grandfather,2009989
Hanford,Savedra,Fiance,2119908
Salma,Erdmann,Mother,2279832
Eli,Guedes,Uncle,2351272
Shaw,Yerger,Fiance,2153512
Stacy,Rodrguez,Aunt,2873674
Don,Cillis,Uncle,2360685
Gail,Maxi,Fiance,2761381
Randie,Vansise,Fiance,2441574
Pepe,Skrzypinski,Husband,2725402
Toni,Voglund,Fiance,2822050
Davide,Larsen,Uncle,2295714
Jarrett,Uyetake,Fiance,2817603
Aylin,Kuttner,Fiance,2680088
Breann,Ken,Mother,2330494
Caren,Mcmannus,Fiance,2050296
Lenora,Stoute,Wife,2032373
Cailyn,Semmes,Fiance,2882364
Madison,Lafountaine,Grandfather,2466135
Tyleah,Goosey,Aunt,2018643
Anslee,Beckius,Grandmother,2917839
Rosetta,Bellessa,Mother,2098707
Dennie,Courtoy,Son,2464494
Piet,Vojtko,Brother,2404843
Shepherd,Fetterman,Grandfather,2001167
Chrisy,Ealick,Grandfather,2220875
Osbourne,Gholson,Father,2007605
Markeria,Zolezzi,Fiance,2651472
Shlomo,Weitman,Grandfather,2014673
Zackariah,Saintlouis,Husband,2840197
Yulissa,Gadsden,Mother,2124603
Kelsey,Stuteville,Father,2929133
Derrick,Reistetter,Father,2387775
Laurie,Daty,Grandfather,2469736
Caylee,Helms,Sister,2902352
Reube,Hodgen,Grandfather,2406827
Gertrude,Wang,Fiance,2692111
Mortie,Tinucci,Brother,2197452
Mickey,Dey,Brother,2757554
Hailey,Mckowen,Grandfather,2268072
Fabio,Goldberger,Grandfather,2400098
Jory,Dorantes,Grandfather,2470854
Hamil,Thomsen,Son,2751136
Ferinand,Belidor,Husband,2042983
Selig,Weisberg,Grandfather,2961961
Jazmine,Massicotte,Grandmother,2955734
Nels,Boltinghouse,Son,2210895
Anatollo,Malmberg,Son,2180760
Wood,Lafone,Fiance,2444077
Steffany,Arne,Sister,2937333
Stan,Doheny,Uncle,2155589
Queen,Kausch,Mother,2561661
Phillip,Vicker,Husband,2596189
Gay,Maryott,Wife,2952367
Emilee,Stavrositu,Daughter,2273610
Maurise,Tarmey,Son,2838072
Itzel,Hibben,Mother,2023336
Makala,Michelsen,Aunt,2447861
Felice,Betances,Grandfather,2408625
Tanny,Reagon,Grandfather,2455952
Cody,Rockwell,Fiance,2904313
Ric,Kello,Brother,2020726
Udell,Romans,Uncle,2292490
Jonas,Agustin,Grandfather,2324906
Rey,Orehek,Brother,2227441
Lois,Tousom,Sister,2846367
Averill,Fiori,Son,2632436
Marilu,Baade,Sister,2327681
Ziva,Blough,Fiance,2773682
Torrey,Eskelsen,Son,2129118
Griswold,Slomkowski,Brother,2610588
Lessie,Bos,Sister,2019572
Marin,Staser,Mother,2739986
Jerri,Edmondson,Husband,2743020
Payton,Zaring,Sister,2859465
Arnold,Gerweck,Uncle,2989324
Charles,Fayad,Grandfather,2694718
Gabe,Monette,Grandfather,2280018
Shorty,Brang,Father,2611987
Bailie,Tumlison,Husband,2806740
Lambert,Nordon,Brother,2883215
Keila,Ribera,Wife,2049448
Gunter,Campillo,Husband,2362557
Thaine,Reever,Fiance,2790966
Shelley,Hawkings,Grandfather,2506839
Whitney,Fetterman,Daughter,2258973
Barnard,Vancise,Son,2869280
Sharmaine,Wonsik,Daughter,2688240
Lyla,Chanler,Mother,2019119
Urson,Waterhouse,Brother,2568236
Josephine,Marriner,Daughter,2354007
Toddy,Seanez,Uncle,2308321
Pierson,Byrn,Son,2650603
Elliott,Romans,Fiance,2961432
Pat,Brunmeier,Aunt,2390052
Nels,Hawkings,Grandfather,2229348
Lena,Dampeer,Sister,2605930
Bryant,Osterhouse,Fiance,2192982
Dario,Beyerlein,Son,2554613
Natale,Eagy,Father,2145101
Marlon,Arne,Fiance,2214321
Torrie,Arters,Sister,2767068
Jorge,Joiner,Brother,2654578
Traver,Stoecklin,Fiance,2088791
Zara,Alfrey,Fiance,2426056
Kendra,Chamorro,Daughter,2982902
Meaghan,Retzler,Sister,2987526
Thurston,Rubulcaba,Husband,2482031
Kandace,Sandavol,Daughter,2045745
Izabel,Sorells,Fiance,2360005
Christian,Mcniff,Uncle,2197505
Kiley,Hoffschneider,Sister,2379133
Jakeria,Verhaeghe,Grandmother,2727944
Skip,Schlieter,Fiance,2422405
Ellwood,Dunbar,Brother,2807161
Kendall,Lynds,Fiance,2181121
William,Overkamp,Husband,2912439
Raimund,Espadas,Father,2972421
Wendy,Henry,Grandmother,2762360
Bubba,Debus,Husband,2660200
Luella,Stoute,Daughter,2709335
Belinda,Mordue,Aunt,2701783
Kassandra,Iwasaki,Fiance,2747571
Chaunce,Scheid,Brother,2438744
Sauncho,Dettra,Uncle,2972935
Greggory,Gervais,Son,2778128
Renard,Werremeyer,Brother,2206140
Bogdan,Brunmeier,Fiance,2390902
Durand,Rifai,Fiance,2163757
Martainn,Cramer,Uncle,2303213
Domenico,Pecht,Grandfather,2011767
Izzy,Flournoy,Grandfather,2126967
Malina,Kerchner,Wife,2708523
Alphonso,Saik,Father,2677273
Marius,Mcclenton,Brother,2221869
Ashlynn,Shoger,Daughter,2597598
Debora,Tumlison,Sister,2089863
Rudolfo,Mickolick,Father,2604428
Lamont,Walper,Fiance,2486494
Alexandra,Leggans,Grandmother,2394227
Abbott,Nejman,Grandfather,2706997
Myrtice,Almond,Grandmother,2430155
Juana,Lopes,Aunt,2054663
Genna,Charry,Wife,2808762
Geneva,Bastick,Sister,2075586
Maria,Fernades,Mother,2260003
Herrmann,Orehek,Husband,2187779
Mollie,Parviainen,Daughter,2066900
Piper,Joiner,Mother,2915236
Carolyn,Paragas,Daughter,2018707
Tamara,Nardelli,Aunt,2107027
Eva,Reistetter,Daughter,2343031
Suzanne,Lupien,Fiance,2625393
Lindsey,Demman,Aunt,2003965
Kelsey,Zmich,Wife,2679622
Madison,Vanblaricum,Grandmother,2561910
Hailey,Burton,Fiance,2288657
Northrop,Duchesney,Son,2362728
Clare,Weflen,Uncle,2748987
Torre,Orsini,Grandfather,2117700
Dimitry,Ruscitti,Brother,2875806
Christian,Pagano,Fiance,2758807
Sheffield,Monohan,Brother,2376806
Beulah,Dettra,Wife,2911319
Maximilien,Lauritsen,Husband,2974280
Steffen,Echavez,Son,2746408
Walter,Unland,Uncle,2959418
Quincey,Ribera,Grandfather,2142607
River,Dispenza,Mother,2625586
Franklyn,Flickner,Grandfather,2203735
Odin,Pridham,Uncle,2251073
Anissa,Promisco,Sister,2455480
Joy,Mickolick,Grandmother,2247345
Teresa,Speach,Wife,2192021
Neil,Belsheim,Uncle,2080410
Noemi,Kammler,Wife,2099538
Prent,Malay,Husband,2512769
Dianna,Rief,Daughter,2653442
Stuart,Mounkes,Uncle,2060151
Corine,Babat,Aunt,2368477
Hasheem,Norenberg,Grandfather,2742048
Joshuah,Riojas,Grandfather,2326545
Stearn,Pollica,Husband,2338246
Delores,Demelis,Fiance,2595783
Etienne,Campion,Father,2842233
Saniya,Melecio,Aunt,2740206
Magnum,Murnan,Uncle,2549391
Edith,Glesener,Aunt,2742285
Andrzej,Asevedo,Brother,2735917
Darien,Hankin,Uncle,2172640
Minnie,Marusiak,Wife,2164218
Cecil,Arb,Father,2410171
Earnestine,Zawacki,Mother,2808927
Angelyn,Schlieter,Daughter,2819542
Elvin,Maree,Brother,2256523
Emery,Ginoza,Uncle,2265860
Forester,Offord,Uncle,2761709
Takesha,Larsen,Aunt,2280178
Soraya,Arps,Grandmother,2050886
Noam,Corbi,Uncle,2432113
Ned,Gulbrandson,Fiance,2856870
Blare,Funke,Father,2078797
Ximena,Nania,Grandmother,2303044
Judy,Upwall,Mother,2589211
Sonny,Errett,Son,2773569
Krystal,Jarding,Daughter,2392941
Whit,Alexis,Brother,2491331
Normie,Mcgruder,Grandfather,2519695
Pearlie,Broadhurst,Fiance,2185913
Nicole,Greco,Wife,2114804
Jessie,Quider,Fiance,2391732
Marguerite,Saborido,Mother,2517683
Erin,Vora,Fiance,2943066
Earle,Brunmeier,Grandfather,2834165
Ryan,Gottula,Father,2131798
Tamra,Hsia,Wife,2230693
Franky,Nania,Father,2579440
Alethia,Wiegmann,Grandmother,2837488
Roman,Stillman,Fiance,2039073
Cherie,Lentini,Mother,2840791
Mort,Lambeck,Grandfather,2439650
Barth,Seago,Son,2143241
Elric,Martsolf,Grandfather,2538122
Meghan,Marcey,Aunt,2485652
Sloan,Schulte,Son,2095248
Llewellyn,Klasen,Grandfather,2717747
Bela,Catanzaro,Fiance,2404842
Ella,Huyghe,Sister,2897653
Marmaduke,Latchaw,Son,2163093
Amory,Billings,Husband,2950022
Kit,Soard,Husband,2241198
Kristina,Shupe,Mother,2372235
Jed,Soldan,Uncle,2347693
Jacques,Swaim,Fiance,2735538
Hiram,Dewall,Husband,2969327
Jeff,Ribera,Son,2482082
Megan,Schooling,Grandmother,2042984
Alexa,Ken,Wife,2515602
Stanleigh,Arambula,Fiance,2615764
Leela,Camarero,Sister,2585858
Audree,Mcmillon,Grandmother,2792435
Jose,Hirsche,Fiance,2364533
Eleana,Schooling,Fiance,2398577
Uriel,Hutzel,Grandfather,2336667
Friedrich,Alli,Husband,2686108
Kingsley,Fiori,Father,2779371
Lailah,Needels,Grandmother,2442086
Templeton,Schulteis,Father,2395107
Baxter,Forth,Uncle,2896505
Wolfgang,Petramale,Fiance,2444111
Cheri,Marcil,Sister,2736514
Witty,Simonetti,Grandfather,2548210
Ella,Boal,Grandmother,2480754
Maryann,Emerald,Aunt,2834193
Nina,Minrod,Daughter,2356450
Shawanda,Colorado,Grandmother,2502428
Bobbie,Paywa,Fiance,2010954
Janell,Anastas,Grandmother,2003322
Harold,Swails,Father,2489852
Priscilla,Schnarr,Fiance,2198531
Olga,Ribera,Grandmother,2978996
Rinaldo,Fossey,Grandfather,2336734
Nicole,Jordison,Sister,2890280
Tod,Dinco,Brother,2309512
Gene,Uppencamp,Fiance,2329053
Stephaine,Ruffini,Aunt,2580885
Bartolomeo,Marcil,Fiance,2544737
Dakota,Bernard,Daughter,2466871
Joshua,Bagnoli,Uncle,2717300
Emile,Lurey,Father,2100806
Angeles,Fronick,Fiance,2097737
Erich,Waterhouse,Grandfather,2105390
Celestine,Willinsky,Mother,2386939
Thedrick,Mciltrot,Grandfather,2282901
Anders,Monford,Fiance,2528279
Filipe,Diponio,Husband,2264955
Aloysius,Angley,Husband,2401489
Ahmed,Weins,Father,2850231
Jamia,Lapinski,Fiance,2088480
Zollie,Haggarty,Uncle,2928805
Julio,Vanblaricum,Son,2659830
Cristy,Turkin,Wife,2637216
Domenic,Giangrosso,Grandfather,2063896
Beau,Nazzal,Brother,2663204
Tabatha,Fayad,Grandmother,2795452
Socrates,Donaghy,Brother,2476786
Niki,Creed,Brother,2652653
Les,Serban,Brother,2610471
Deanna,Lenertz,Grandmother,2801875
Dru,Leggans,Uncle,2187289
Haylee,Freiser,Mother,2824763
Ty,Talas,Fiance,2782116
Evelyn,Mugica,Uncle,2154443
Gillian,Steiger,Grandmother,2694530
Osgood,Carilli,Son,2039934
Debbie,Alfrey,Mother,2198710
Courtnie,Tada,Daughter,2337099
Barny,Koors,Grandfather,2230026
Jorge,Lahr,Son,2610112
Mitzi,Nordon,Sister,2639286
Pauline,Hrbacek,Sister,2590919
Nadia,Hansberger,Wife,2305198
Sonnie,Elsea,Son,2607601
Walther,Segerson,Fiance,2917446
Stu,Lemler,Fiance,2173251
Frederico,Oberman,Grandfather,2346436
Latonya,Troia,Mother,2323329
Juana,Dunsworth,Mother,2431883
Colleen,Uppencamp,Grandmother,2121750
Rem,Younglove,Brother,2352179
Shumeet,Randrup,Grandfather,2177788
Tonia,Paragas,Sister,2159804
Tanney,Koh,Father,2335417
Levy,Kinde,Fiance,2659267
Jeff,Ridgway,Grandfather,2867791
Bartolomei,Falack,Son,2399450
Marvin,Vaughen,Brother,2766355
Delilah,Baskind,Fiance,2817355
Bartlett,Daughrity,Brother,2273785
Zary,Mee,Grandfather,2608600
Vera,Benek,Daughter,2501121
Natasha,Tarmey,Mother,2723702
Graehme,Scheerer,Grandfather,2760243
Bartel,Remmers,Grandfather,2712282
Lena,Puna,Grandmother,2863674
Janus,Angell,Fiance,2937420
Curt,Rushia,Brother,2020994
Traver,Kaing,Grandfather,2300487
Tedd,Lybrand,Son,2855026
Abdel,Blau,Son,2059065
Roberta,Delaet,Aunt,2833005
Vittoria,Antrikin,Fiance,2554655
Kingsly,Unrau,Brother,2064896
Ignatius,Rockenbaugh,Grandfather,2930939
Velma,Urreta,Grandmother,2368768
Reba,Clock,Wife,2140088
Corky,Mcisaac,Son,2852974
Treasure,Hafeman,Daughter,2835091
Myra,Barnhouse,Wife,2574360
Sara,Leaming,Daughter,2711243
Erich,Loving,Uncle,2118145
Alana,Hesterman,Fiance,2005205
Pat,Colorado,Fiance,2618575
Leola,Diponio,Wife,2026957
Peggy,Wofford,Fiance,2361138
Sherman,Printup,Grandfather,2022417
Elvis,Plunket,Fiance,2824354
Martino,Doberstein,Grandfather,2922795
Steffanie,Malay,Wife,2286677
Spence,Pouncil,Uncle,2526005
Marv,Weghorst,Husband,2409650
Bridgett,Nokes,Daughter,2649231
Cora,Redline,Grandmother,2201827
Stefano,Trial,Husband,2928451
Honesty,Lemler,Sister,2260960
Lon,Cicoria,Fiance,2801856
Arthur,Lafayette,Brother,2099447
Jenessa,Wandell,Wife,2971116
Haskel,Osterhouse,Son,2761542
Wolfie,Mcmaster,Father,2550875
Anna,Soop,Mother,2384856
Menard,Jonhson,Father,2618335
Roxanne,Tussey,Fiance,2008718
Dario,Cramer,Son,2990833
Temp,Azer,Uncle,2685647
Paisleigh,Bellefontaine,Sister,2270491
Billie,Schimming,Grandfather,2889717
Connie,Biersack,Grandmother,2522921
Yard,Polimeni,Brother,2725006
Roice,Filosa,Uncle,2116463
Clinten,Flickner,Brother,2313598
Cayla,Pitassi,Sister,2891910
Finn,Overkamp,Uncle,2354120
Dick,Kirschenbaum,Fiance,2197832
Hailey,Ribera,Grandmother,2573643
Candace,Gabay,Grandmother,2706325
Gene,Mulgrew,Aunt,2866282
Churchill,Arbucci,Son,2570177
Esther,Leconey,Fiance,2599974
Serge,Schnarr,Husband,2675457
Marisa,Porada,Aunt,2052392
Eowyn,Raskin,Sister,2331198
Bogdan,Maliska,Grandfather,2572049
Richy,Strahle,Father,2910197
Amia,Wendel,Aunt,2910763
Vanessa,Pavlosky,Mother,2131605
Scarface,Frisby,Grandfather,2179897
Pascale,Mancos,Brother,2639140
Lucas,Rousselle,Uncle,2941359
Harvey,Lockheart,Grandfather,2119929
Destany,Falack,Aunt,2020820
Clinten,Renken,Father,2659204
Maynord,Tero,Fiance,2820143
Bennet,Nardelli,Uncle,2999200
Adamaris,Cruthers,Sister,2295617
Salvidor,Stringari,Brother,2912586
Englebert,Soldan,Father,2264584
