E01002001,Jabez,Cullop
E01002003,Toni,Voglund
E01002004,Stuart,Mounkes
E01002006,Layton,Anthes
E01002007,Stanleigh,Arambula
E01002008,Valerie,Brandis
E01002009,Zack,Cockrill
E01002010,Makayla,Hirtz
E01002011,Zary,Mee
E01002013,Tarzan,Arcilla
E01002015,Richy,Strahle
E01002016,Nadia,Hansberger
E01002019,Rosetta,Bellessa
E01002021,Merle,Kasun
E01002022,Kathleen,Wine
E01002024,Dionis,Carpenito
E01002027,Ruperto,Mulready
E01002028,Hanford,Savedra
E01002029,Sheron,Orazine
E01002032,Shumeet,Randrup
E01002033,Cailyn,Semmes
E01002034,Thaine,Reever
E01002036,Shamya,Kadner
E01002037,Menard,Jonhson
E01002039,Adamaris,Cruthers
E01002040,Natasha,Tarmey
E01002041,Mykayla,Gotshall
E01002042,Ivette,Nodal
E01002043,Jacques,Swaim
E01002044,Pepe,Skrzypinski
E01002046,Pat,Meulemans
E01002049,Nicole,Greco
E01002050,Anna,Soop
E01002051,Avalynn,Frankson
E01002052,Zollie,Haggarty
E01002054,Tyleah,Goosey
E01002055,Chaunce,Scheid
E01002059,Chadd,Ketelhut
E01002061,Rod,Abner
E01002062,Erich,Loving
E01002064,Mitzi,Nordon
E01002067,Sarge,Romano
E01002069,Pascale,Mancos
E01002070,Raimund,Espadas
E01002071,Rinaldo,Fossey
E01002072,Christian,Pagano
E01002073,Alana,Hesterman
E01002074,Bartolomei,Delucia
E01002075,Terry,Hepp
E01002076,Octavia,Clewis
E01002077,Karen,Gangelhoff
E01002078,Abel,Haya
E01002079,Marin,Staser
E01002080,Barnabe,Tito
E01002081,Penrod,Isagawa
E01002082,Christelle,Gahan
E01002083,Sonnie,Elsea
E01002084,Jakia,Ahimud
E01002090,Suzanne,Sattley
E01002091,Delayna,Landazuri
E01002094,Cody,Rockwell
E01002096,Christine,Parodi
E01002098,Kellen,Regas
E01002099,Grey,Deluccia
E01002104,Francois,Dewaele
E01002105,Abdel,Blau
E01002107,Marguerite,Saborido
E01002110,Adamaris,Cruthers
E01002111,Dayana,Schuelke
E01002112,Zed,Earnheart
E01002113,Zane,Meneal
E01002118,Wallis,Masaitis
E01002119,Ruben,Scee
E01002120,Caylee,Helms
E01002122,Tammy,Dalman
E01002124,Godwin,Sheftall
E01002126,Witty,Simonetti
E01002129,Lazare,Ingle
E01002130,Bartolomei,Ryken
E01002132,Alena,Cinnamon
E01002133,Shannon,Rochefort
E01002134,Esther,Leconey
E01002136,Jeremy,Ditto
E01002137,Rem,Younglove
E01002138,Frankie,Zoldesy
E01002139,Dario,Beyerlein
E01002144,Hamid,Turso
E01002147,Taniya,Wait
E01002148,Edgar,Vasconcelos
E01002149,Ray,Guillerault
E01002152,Stanley,Sturner
E01002155,Julian,Pollutro
E01002157,Nataly,Steer
E01002158,Madison,Stoklasa
E01002159,Sonny,Errett
E01002160,Rudolfo,Feiler
E01002161,Finley,Stoffle
E01002163,Standford,Younan
E01002165,Brooke,Syers
E01002166,Kelsey,Stuteville
E01002170,Tanny,Reagon
E01002171,Iona,Laska
E01002176,Scarface,Frisby
E01002177,Dora,Salzar
E01002178,Lilianne,Schleh
E01002179,Natosha,Simonson
E01002181,Sherman,Madrueno
E01002182,Perceval,Cherebin
E01002184,Shlomo,Weitman
E01002185,Ivelisse,Pinter
E01002186,Walther,Segerson
E01002187,Henrietta,Donilon
E01002188,Kayla,Tovmasyan
E01002193,Peter,Wyandt
E01002195,Tobias,Wieder
E01002197,Colleen,Uppencamp
E01002199,Robert,Deschomp
E01002201,Harold,Swails
E01002202,Washington,Skokowski
E01002204,Richmond,Knies
E01002205,Hasty,Repenning
E01002206,Magnum,Murnan
E01002207,Carroll,Juart
E01002208,Maison,Economou
E01002210,Mollie,Wiesehan
E01002212,Clinten,Flickner
E01002213,Rainer,Mandelberg
E01002214,Martino,Doberstein
E01002217,Mina,Marcucci
E01002218,Lon,Cicoria
E01002221,Norma,Pries
E01002222,Marilu,Baade
E01002223,Maximilien,Lauritsen
E01002225,Ahmed,Weins
E01002231,Gabe,Monette
E01002232,Litzy,Summerset
E01002234,Mercy,Acock
E01002236,Chastity,Scurlock
E01002237,Brady,Drummer
E01002238,Heidi,Klick
E01002240,Julio,Vanblaricum
E01002241,Sheri,Sorensen
E01002242,Emery,Ginoza
E01002244,Walsh,Eismont
E01002245,Lawrence,Feggins
E01002246,Zoee,Dolen
E01002247,Dickey,Novielli
E01002250,Shirley,Engelbach
E01002251,Hiram,Dewall
E01002253,Carla,Bakewell
E01002255,Randie,Vansise
E01002258,Alexander,Poppe
E01002259,Sandy,Villalpando
E01002260,Dante,Voeks
E01002261,Edwin,Loendorf
E01002262,Mackenna,Lyas
E01002264,Debora,Tumlison
E01002268,Timmy,Schwalm
E01002269,Alecia,Burruel
E01002270,Shelton,Rapoza
E01002272,Vanessa,Pavlosky
E01002273,Doris,Ozols
E01002274,Theodoric,Kolsrud
E01002276,Wain,Stant
E01002277,Whitman,Kelsay
E01002280,Northrop,Duchesney
E01002282,Krishna,Medders
E01002284,Alejandro,Schadt
E01002285,Brenda,Coviello
E01002286,Lindy,Abler
E01002287,Lela,Traweek
E01002289,Karley,Plonka
E01002290,Han,Sharrard
E01002291,Mickey,Dey
E01002292,Clay,Keneally
E01002293,Englebert,Soldan
E01002295,Wye,Depperschmidt
E01002297,Tod,Dinco
E01002299,Philip,Maddoy
E01002301,Gaston,Vangerbig
E01002306,Shirley,Tolleson
E01002308,Ashley,Diaz
E01002310,Ella,Boal
E01002311,Gregg,Mangaoang
E01002313,Ellwood,Dunbar
E01002314,Pat,Colorado
E01002315,Engelbert,Benck
E01002316,Stefano,Trial
E01002318,Myrtice,Almond
E01002319,Anatollo,Malmberg
E01002321,Madison,Lafountaine
E01002323,Anslee,Beckius
E01002324,Lucas,Rousselle
E01002325,Kenadie,Kiesow
E01002326,Justine,Siciliano
E01002328,Merle,Castner
E01002330,Nyah,Bachtold
E01002331,Falon,Bonita
E01002332,Latonya,Troia
E01002333,Blare,Funke
E01002336,Estefania,Seifried
E01002337,Carlos,Derden
E01002338,Berk,Triller
E01002339,Skippie,Weger
E01002340,Etienne,Campion
E01002341,Ciara,Esselink
E01002342,Graehme,Scheerer
E01002346,Connor,Rothbauer
E01002347,Orbadiah,Eadie
E01002348,Alexa,Orphey
E01002349,Nels,Boltinghouse
E01002351,Renault,Massoud
E01002355,Eleana,Schooling
E01002358,Marcio,Overbough
E01002359,Hillery,Kukowski
E01002360,Lashana,Radatz
E01002362,Marius,Mcclenton
E01002364,Janiya,Loiselle
E01002365,Mortie,Tinucci
E01002368,Krystal,Jarding
E01002369,Connie,Biersack
E01002370,Marta,Payment
E01002371,Delilah,Baskind
E01002372,Sebastien,Sinstack
E01002373,Gertrude,Wang
E01002377,Eddy,Beeckman
E01002379,Eli,Guedes
E01002386,Jayda,Keomuangtai
E01002387,Zoraida,Whildin
E01002388,Shakia,Bently
E01002390,Ephrayim,Malan
E01002392,Bryon,Tonozzi
E01002393,Nathalia,Eickman
E01002394,Fons,Severyn
E01002396,Ruddy,Jagoda
E01002397,Ofelia,Youngerman
E01002398,Urbano,Klomp
E01002399,Gay,Maryott
E01002400,Ivan,Kubin
E01002403,Aleks,Nichell
E01002404,Teah,Wasserman
E01002405,Ada,Pasquin
E01002407,Lamont,Walper
E01002408,Noel,Nilson
E01002409,Gunter,Campillo
E01002410,Tymon,Levandowski
E01002412,Corine,Babat
E01002414,Shaughn,Orleans
E01002415,Prentice,Hornack
E01002416,Ned,Gulbrandson
E01002417,Evan,Lennard
E01002419,Uriel,Hutzel
E01002420,Filbert,Stratter
E01002421,Jonas,Agustin
E01002422,Abbott,Nejman
E01002423,Dell,Blaise
E01002425,Roy,Taiwo
E01002426,Rodrigo,Peretz
E01002427,Josephine,Marriner
E01002430,Shanya,Taccone
E01002433,Bartolomeo,Marcil
E01002434,Earnestine,Zawacki
E01002435,Joshua,Bagnoli
E01002436,Garold,Wendling
E01002438,Ivanna,Coldwell
E01002439,Kingsly,Unrau
E01002442,Jory,Dorantes
E01002443,Rube,Mangicavallo
E01002444,Tammy,Dukeman
E01002445,Khadijah,Garinger
E01002446,Noa,Cabada
E01002447,Dianna,Rief
E01002448,Lailah,Needels
E01002452,Lefty,Dickert
E01002453,Sergeant,Pille
E01002454,Temp,Hoerger
E01002457,Johny,Blenker
E01002458,Judy,Upwall
E01002460,Payton,Zaring
E01002462,Izabelle,Seigle
E01002463,Kelsey,Zmich
E01002464,Rhea,Kinsland
E01002466,Osbourne,Gholson
E01002468,Honesty,Lemler
E01002476,Lowell,Afoa
E01002478,Jamia,Lapinski
E01002480,Joanna,Leithauser
E01002483,Joshuah,Riojas
E01002485,Frederico,Oberman
E01002486,Bethany,Munzer
E01002488,Ada,Marta
E01002490,Alexia,Garnier
E01002491,Angeles,Fronick
E01002493,Leigh,Adank
E01002494,Enrique,Lucich
E01002495,Bartholomew,Cullinane
E01002497,Aubert,Bleiler
E01002498,Meghan,Marcey
E01002499,Barth,Seago
E01002501,Jose,Hirsche
E01002503,Genna,Charry
E01002504,Edward,Yousko
E01002505,William,Heggood
E01002507,Soraya,Arps
E01002508,Myra,Barnhouse
E01002514,Geraldo,Goswick
E01002515,Esther,Jeanjacques
E01002516,Andria,Kinghorn
E01002517,Salman,Hutcheson
E01002519,Serena,Vilcan
E01002521,Kristiana,Matelski
E01002522,Wolfie,Mcmaster
E01002524,Leela,Camarero
E01002525,Maynord,Tero
E01002526,Hiram,Meisinger
E01002528,Nikkia,Shutty
E01002529,Paula,Konz
E01002530,Domenico,Pecht
E01002531,Sheffield,Monohan
E01002532,Lennie,Palenzuela
E01002533,Tabbie,Wasner
E01002535,Leola,Diponio
E01002538,Walter,Unland
E01002539,Hailey,Muralles
E01002540,Hilton,Mcglathery
E01002541,Jakeria,Verhaeghe
E01002545,Trevor,Turko
E01002548,Chad,Jimeno
E01002551,Neil,Belsheim
E01002554,Shyla,Norway
E01002555,Jeanne,Alario
E01002558,Fabio,Goldberger
E01002559,Lauren,Quintyne
E01002560,Sammie,Consolini
E01002561,Mordecai,Muskett
E01002562,Vittoria,Antrikin
E01002564,Timeka,Wobig
E01002565,Torre,Orsini
E01002569,Irma,Brigantino
E01002572,Lena,Dampeer
E01002578,Clarke,Baldivia
E01002579,Janice,Magouirk
E01002580,Torrin,Semmler
E01002581,Regan,Krakowiak
E01002582,Cecil,Arb
E01002583,Darien,Hankin
E01002584,Amory,Billings
E01002585,Hendrick,Trenor
E01002588,Ralph,Sahler
E01002589,Hailey,Ribera
E01002591,Deanna,Lenertz
E01002596,Bobbie,Dibiasi
E01002598,Mari,Serie
E01002601,Les,Serban
E01002602,Marshal,Heatly
E01002603,Spence,Pouncil
E01002604,Gail,Maxi
E01002606,Sherman,Printup
E01002607,Wylie,Blanton
E01002609,Reba,Clock
E01002610,Josephine,Marriner
E01002611,Hollie,Klipp
E01002612,Shorty,Brang
E01002613,Tan,Kozee
E01002614,Fraser,Parson
E01002617,Templeton,Schulteis
E01002618,Stan,Doheny
E01002619,Guy,Varnadore
E01002620,Arianne,Izzard
E01002621,Kaelyn,Fabula
E01002622,Moore,Lansang
E01002624,Paisleigh,Bellefontaine
E01002626,Mitchel,Terron
E01002629,Alberta,Bellace
E01002630,Radcliffe,Robins
E01002631,Sammie,Wendy
E01002637,Griswold,Slomkowski
E01002640,Nealy,Souther
E01002641,Durante,Schnur
E01002642,Rabi,Attia
E01002647,Sloan,Schulte
E01002648,Pierson,Lesieur
E01002649,Star,Hynd
E01002652,Llewellyn,Klasen
E01002658,Amber,Mendosa
E01002659,Ivan,Hagberg
E01002661,Mollie,Salin
E01002663,Steffanie,Malay
E01002664,Francis,Bialaszewski
E01002666,Linda,Fuentes
E01002667,Giles,Ferratt
E01002668,Yacov,Fasheh
E01002669,Phillip,Vicker
E01002670,Maxwell,Eacret
E01002671,Lyndon,Brunecz
E01002672,Rita,Balliett
E01002673,Normie,Mcgruder
E01002674,Juana,Lopes
E01002676,Spencer,Siedel
E01002677,Amia,Wendel
E01002679,Shea,Soucy
E01002682,Niall,Battko
E01002684,Madalyn,Gean
E01002688,Thedric,Janiak
E01002689,Gillian,Steiger
E01002690,Perla,Ryans
E01002692,Stephan,Solivan
E01002693,Sapphira,Stoffels
E01002695,Vera,Benek
E01002696,Kailyn,Castillero
E01002697,Areli,Gastley
E01002700,Hailie,Lonero
E01002701,Thorny,Iguina
E01002704,Debbie,Alfrey
E01002705,Juan,Deahl
E01002706,Hadrian,Chalfin
E01002707,Albert,Wisneski
E01002708,Alyssia,Shoulder
E01002711,Marvin,Vaughen
E01002712,Chevalier,Lynk
E01002713,Zared,Hutchens
E01002714,Jean,Aguliar
E01002715,Hew,Greener
E01002716,Quintina,Monard
E01002717,Gene,Mulgrew
E01002718,Tammie,Daquino
E01002719,Marsha,Troxil
E01002720,Nina,Minrod
E01002721,Winny,Woyahn
E01002722,Ric,Kello
E01002724,Lucile,Calway
E01002726,Noam,Shilt
E01002729,Candace,Gabay
E01002730,Gayle,Siglin
E01002731,Hershel,Selic
E01002732,Luella,Stoute
E01002733,Brody,Massena
E01002735,Remus,Oktavec
E01002738,Meade,Wakayama
E01002739,Alyza,Baysinger
E01002740,Erin,Vora
E01002742,Ouida,Gilberg
E01002743,Barnard,Vancise
E01002745,Lindsey,Demman
E01002746,Janus,Angell
E01002747,Yard,Polimeni
E01002748,Audrey,Ciccolini
E01002749,Torrie,Arters
E01002752,Shani,Latney
E01002753,David,Kummerow
E01002754,Nicole,Jordison
E01002758,Cora,Redline
E01002759,Lorene,Scaff
E01002765,Izzy,Flournoy
E01002769,Curt,Kostelnik
E01002770,Roberta,Delaet
E01002771,Josie,Thronson
E01002772,Darryl,Szumny
E01002773,Marmaduke,Latchaw
E01002775,Leah,Acton
E01002779,Barnaby,Yonemura
E01002782,Justice,Gollihar
E01002784,Churchill,Arbucci
E01002788,Helen,Capell
E01002789,Sayres,Hollingshed
E01002790,Shayna,Dople
E01002791,Lola,Mccance
E01002792,Ignatius,Rockenbaugh
E01002794,Durand,Rifai
E01002795,Ferinand,Belidor
E01002798,Carroll,Beshears
E01002799,Dania,Stowbridge
E01002800,Ty,Talas
E01002801,Rachel,Fehn
E01002802,Elric,Martsolf
E01002805,Marcela,Louks
E01002806,Shimon,Colopy
E01002807,Kendall,Lynds
E01002809,Mort,Lambeck
E01002810,Jermayne,Samoyoa
E01002811,Theo,Jaap
E01002813,Angelyn,Schlieter
E01002814,Shaw,Yerger
E01002816,Lisette,Lomeli
E01002817,Bogdan,Maliska
E01002819,Baily,Bridgette
E01002823,Johnathon,Carnegia
E01002824,Edmund,Scallorn
E01002830,Aloysius,Angley
E01002832,Sebastiano,Cardoza
E01002834,Lizette,Lupton
E01002837,Stacy,Rodrguez
E01002838,Jane,Kyseth
E01002839,Sharmaine,Wonsik
E01002840,Janell,Anastas
E01002841,Peirce,Jover
E01002842,Bobbie,Paywa
E01002846,Jenessa,Wandell
E01002847,Mitchael,Coger
E01002848,Marcella,Dewaratanawan
E01002849,Marisa,Porada
E01002851,Upton,Spanton
E01002852,Julia,Dipietrantoni
E01002854,Chrystal,Romanick
E01002856,Colbert,Gazo
E01002857,Ivette,Cockerhan
E01002858,Kostas,Gries
E01002862,Evelyn,Croan
E01002863,Kendra,Chamorro
E01002864,Marlon,Arne
E01002866,Yulissa,Gadsden
E01002869,Plato,Fasciano
E01002871,Langston,Staff
E01002873,Herman,Donnalley
E01002877,Andrea,Ravenscroft
E01002878,Beau,Nazzal
E01002879,Ivis,Trudel
E01002882,Denisse,Caneva
E01002887,Fletch,Bittick
E01002888,Cortney,Trucker
E01002889,Kingsly,Him
E01002890,Ziva,Blough
E01002892,Courtnie,Tada
E01002893,Theodoric,Leap
E01002894,Anson,Raines
E01002895,Ingemar,Mccleese
E01002896,Brady,Busskohl
E01002898,Kingsley,Fiori
E01002902,Raechel,Bocock
E01002903,Stephaine,Ruffini
E01002904,Virgilio,Metelko
E01002905,Dolores,Kornblum
E01002906,Rilee,Triglia
E01002909,Harvey,Lockheart
E01002911,Andie,Currence
E01002912,Pearlie,Broadhurst
E01002913,Jeff,Sarkin
E01002916,Sara,Leaming
E01002917,Hammad,Zelasko
E01002919,Tamas,Horwitz
E01002921,Artur,Dinuzzo
E01002922,Karl,Buetow
E01002923,Arlette,Hesselbach
E01002924,Tabetha,Lemen
E01002926,Leticia,Tetzlaff
E01002927,Jacquelin,Huddleson
E01002928,Weider,Corredor
E01002929,Jazmine,Massicotte
E01002930,Leila,Kleppe
E01002931,Thurston,Rubulcaba
E01002933,Thedrick,Arvizo
E01002935,Fons,Vergo
E01002936,Sherman,Printup
E01002938,Zerk,Monjaras
E01002939,Bubba,Debus
E01002940,Graig,Paeth
E01002941,Ernie,Ganze
E01002944,Kathryn,Steenhuis
E01002945,Celestine,Willinsky
E01002946,Justine,Kennell
E01002948,Lewis,Tobey
E01002949,Wiatt,Bridgman
E01002951,Ruperto,Kammerer
E01002952,Reube,Hodgen
E01002953,Dennie,Courtoy
E01002954,Takesha,Larsen
E01002955,Steffen,Echavez
E01002956,Amalia,Zoda
E01002960,Maurits,Lahn
E01002964,Leif,Salberg
E01002965,Evelyn,Mugica
E01002966,Meredith,Hildahl
E01002967,Dick,Kirschenbaum
E01002968,Earlene,Nathanson
E01002970,Wang,Lusco
E01002971,Saunderson,Volland
E01002972,Kymora,Saeli
E01002975,Tamekia,Szumski
E01002976,Skye,Delgato
E01002978,Jewel,Stumpo
E01002979,Maryann,Emerald
E01002983,Jordy,Cassi
E01002985,Madyson,Wyrostek
E01002987,Rickard,Mceachin
E01002988,Anslee,Mittan
E01002989,Alphonso,Saik
E01002990,Meaghan,Retzler
E01002991,Jereme,Rippstein
E01002992,Socrates,Donaghy
E01002999,Bridgett,Nokes
E01003000,Janice,Alert
E01003001,Jerri,Edmondson
E01003002,Jessie,Quider
E01003003,Lem,Debrock
E01003004,Tudor,Ditton
E01003006,Kimmo,Artale
E01003008,Manuel,Judie
E01003010,Hewie,Hach
E01003011,Leslie,Cephas
E01003012,Aylin,Kuttner
E01003018,Ferinand,Mclaney
E01003019,Dimitry,Ardito
E01003020,Corbin,Thum
E01003021,Kiley,Hoffschneider
E01003022,Maria,Fernades
E01003024,Makala,Michelsen
E01003026,Keri,Goike
E01003029,Lorie,Limbo
E01003030,Bennet,Nardelli
E01003031,Odin,Pridham
E01003033,Bryana,Fortier
E01003034,Andrzej,Asevedo
E01003036,Wolfgang,Petramale
E01003038,Sara,Lamon
E01003040,Roth,Lonneman
E01003043,Michal,Largena
E01003045,Price,Danfield
E01003047,Vasilis,Wormely
E01003051,Kia,Ripoll
E01003055,Hersch,Balandran
E01003057,Elvis,Plunket
E01003058,Tanya,Stalma
E01003059,Anai,Morein
E01003061,Wilmar,Esaw
E01003062,Selig,Weisberg
E01003065,Oral,Sollock
E01003066,Jolie,Brodess
E01003068,Shelbi,Marron
E01003069,Aube,Dyment
E01003071,Beowulf,Tiff
E01003072,Myrtle,Varno
E01003073,Barny,Koors
E01003075,Carlee,Squire
E01003076,Ryan,Gottula
E01003077,Devin,Moncher
E01003078,Ed,Mcglawn
E01003079,Dakota,Bernard
E01003080,Markesha,Frampton
E01003081,Stephanie,Methot
E01003084,Torrey,Eskelsen
E01003085,Selig,Taymon
E01003086,Gabriello,Bolduan
E01003089,Lyla,Chanler
E01003090,Mollie,Parviainen
E01003091,Matthus,Goldy
E01003093,Jaymie,Schloop
E01003095,Hasheem,Norenberg
E01003096,Bela,Catanzaro
E01003097,Yank,Zeagler
E01003099,Juana,Dunsworth
E01003100,Hervey,Roessing
E01003101,Lydia,Chermak
E01003102,Pauline,Hrbacek
E01003103,Demetrius,Connerly
E01003107,Izak,Dececco
E01003110,Wendy,Henry
E01003112,Brandy,Lofwall
E01003113,Holly,Panas
E01003115,Itzel,Hibben
E01003116,Federico,Bovee
E01003117,Piper,Joiner
E01003122,Arnold,Gerweck
E01003123,Naomi,Keesecker
E01003126,Carsten,Kies
E01003129,Eugenia,Starkweather
E01003130,Shylah,Bartholemew
E01003132,Letitia,Rell
E01003134,Pepe,Skrzypinski
E01003135,Azaria,Mafua
E01003136,Jeanette,Salmi
E01003137,Cristy,Turkin
E01003138,Louis,Dolezal
E01003139,Thorny,Iguina
E01003140,Nealy,Kilby
E01003143,Micheal,Roane
E01003145,Zackariah,Saintlouis
E01003146,Saniya,Melecio
E01003147,Eldon,Friehe
E01003151,Mikhail,Blumenkrantz
E01003152,Lyndon,Stickel
E01003153,Bailey,Pohler
E01003154,Holli,Walston
E01003155,Stacia,Reines
E01003158,Garp,Corvelli
E01003160,Sean,Pendergraft
E01003162,Traver,Stoecklin
E01003164,Edith,Glesener
E01003166,Ryan,Caldeira
E01003167,Forester,Offord
E01003168,Arturo,Difranco
E01003169,Rudy,Roarx
E01003171,Billy,Kovar
E01003172,Allen,Polselli
E01003174,Archon,Mikhaiel
E01003175,Wolfram,Mohaupt
E01003176,Jacob,Farlin
E01003177,Nicolas,Robers
E01003178,Quiggly,Patellis
E01003179,Pail,Sobrowski
E01003180,Kandace,Sandavol
E01003181,Sherry,Latson
E01003182,Tamra,Hsia
E01003184,Tedd,Lybrand
E01003187,Haskel,Osterhouse
E01003188,Treasure,Hafeman
E01003189,Christian,Mcniff
E01003190,Wanda,Chronis
E01003191,Laurie,Daty
E01003192,Ashlynn,Shoger
E01003193,Natacha,Snay
E01003196,Len,Meckes
E01003197,Upton,Strate
E01003198,Adrick,Sasseville
E01003200,Roberto,Grames
E01003201,Randi,Gallati
E01003202,Beulah,Dettra
E01003203,Lincoln,Iino
E01003204,Piet,Vojtko
E01003205,Anissa,Promisco
E01003206,Belinda,Galipeau
E01003207,Roice,Filosa
E01003211,Demetre,Bichel
E01003212,Garcia,Mandonado
E01003213,Geneva,Bastick
E01003215,Priscila,Essen
E01003217,Fons,Nao
E01003218,Teresa,Speach
E01003219,Hersh,Sheroan
E01003221,Tobe,Hales
E01003224,Thedrick,Mciltrot
E01003225,Curt,Rushia
E01003227,Nori,Catrett
E01003228,Bard,Goubeaux
E01003229,Shari,Sten
E01003230,Niki,Creed
E01003238,Ansell,Palomino
E01003239,Billie,Schimming
E01003240,Malina,Kerchner
E01003242,Sinclare,Jahnke
E01003243,Roman,Stillman
E01003244,Minnie,Marusiak
E01003245,Mikael,Matthias
E01003247,Jailene,Harkenreader
E01003248,Peggy,Wofford
E01003249,Zach,Carratura
E01003251,Jorge,Baltierra
E01003252,Cheyenne,Vivenzio
E01003254,Elvis,Plunket
E01003256,Matias,Spirounias
E01003257,Hailey,Burton
E01003259,Sheridan,Benwarc
E01003260,Alexia,Baney
E01003261,Alexis,Kinnear
E01003262,Lilian,Azevedo
E01003263,River,Dispenza
E01003264,Shelbi,Marron
E01003265,Tonya,Schaunaman
E01003266,Eva,Reistetter
E01003267,Guillermo,Hariston
E01003268,Stan,Sperrey
E01003269,Toddy,Seanez
E01003272,Erich,Waterhouse
E01003273,Zach,Pola
E01003274,Kara,Lecates
E01003275,Lee,Patnaude
E01003277,Chandler,Shadd
E01003279,Brook,Rytuba
E01003280,Virgil,Blankship
E01003282,Terence,Jellerson
E01003285,Zakia,Grassie
E01003286,Markeria,Zolezzi
E01003289,Alexa,Ken
E01003290,Eowyn,Raskin
E01003291,Dwane,Ghramm
E01003292,Jeri,Schwadron
E01003293,Bartel,Remmers
E01003294,Eberhard,Gallmon
E01003295,Diandra,Hyacinthe
E01003297,Cyrill,Ruf
E01003299,Garvy,Henrey
E01003300,Salma,Erdmann
E01003303,Todd,Krupka
E01003304,Bartlett,Daughrity
E01003305,Dario,Cramer
E01003309,Rebeca,Greulich
E01003312,Cherie,Lentini
E01003313,Tonia,Paragas
E01003314,Ria,Yeater
E01003317,Lukas,Ringus
E01003318,Jules,Estell
E01003319,Elliott,Romans
E01003321,Friedrich,Alli
E01003322,Noah,Koepf
E01003324,Rosetta,Bellessa
E01003325,Gaven,Kerens
E01003328,Henrie,Dubeau
E01003329,Velma,Urreta
E01003330,Alethia,Wiegmann
E01003333,Gilles,Taitt
E01003335,Arthur,Lafayette
E01003337,Carolina,Dellon
E01003338,Jarrett,Uyetake
E01003344,Norwood,Simpkins
E01003345,Fairfax,Fason
E01003346,Moshe,Metchikoff
E01003347,Renard,Werremeyer
E01003349,Clare,Weflen
E01003350,Traver,Kaing
E01003351,Gerrard,Bessey
E01003353,Pepito,Elmo
E01003355,Lena,Puna
E01003357,Kin,Andra
E01003358,Johnnie,Gerold
E01003359,Albertha,Kirn
E01003361,Randi,Fickas
E01003364,Etienne,Boardwine
E01003367,Goober,Torre
E01003369,Temp,Azer
E01003370,Isha,Fairbrother
E01003372,Clinten,Renken
E01003373,Herrmann,Orehek
E01003374,Darryl,Benabides
E01003376,Waverly,Boomershine
E01003377,Tabatha,Fayad
E01003378,Keisha,Liquet
E01003379,Temp,Hoerger
E01003381,Howard,Burn
E01003387,Marlene,Bavelas
E01003390,Thorn,Beer
E01003392,Jeff,Ridgway
E01003394,Haylee,Freiser
E01003396,Jenna,Fontanetta
E01003401,Renard,Revard
E01003402,Cherie,Manno
E01003404,Vaughn,Cosenza
E01003405,Tracie,Gestether
E01003406,Bobby,Hilaire
E01003408,Virgil,Blankship
E01003409,Ella,Huyghe
E01003411,Jereme,Rippstein
E01003412,Brittany,Lompa
E01003413,Corky,Wreath
E01003415,Ruth,Hanify
E01003417,Temp,Hoerger
E01003418,Wesley,Stribling
E01003419,Pierson,Byrn
E01003420,Finn,Overkamp
E01003422,Kyle,Koplin
E01003423,Jessenia,Avinger
E01003424,Alycia,Bueggens
E01003426,Linden,Olmo
E01003427,Zary,Mcbrady
E01003429,Roxanne,Tussey
E01003432,Kerstin,Seniff
E01003434,Janessa,Ifie
E01003435,Janyah,Agundez
E01003436,Joy,Mickolick
E01003437,King,Lestrange
E01003438,Cayla,Pitassi
E01003439,Victor,Tharrington
E01003441,Corky,Mcisaac
E01003445,Earle,Brunmeier
E01003446,Josie,Miricle
E01003447,Osgood,Carilli
E01003448,Harry,Mcnell
E01003449,Thebault,Esquivel
E01003450,Nels,Hawkings
E01003451,Kalil,Raub
E01003452,Rosa,Kribbs
E01003454,Garcia,Segarra
E01003455,Yank,Lemmonds
E01003456,Conroy,Bates
E01003457,Brittney,Sundin
E01003458,Kimberlee,Jermeland
E01003459,Suzanne,Lupien
E01003460,Angel,Runzler
E01003462,Ichabod,Sheaman
E01003463,Astrid,Wiedmann
E01003464,Benji,Panos
E01003465,Don,Chamble
E01003466,Dane,Soller
E01003469,Kassandra,Iwasaki
E01003470,Serge,Schnarr
E01003471,Ruddie,Onkst
E01003472,Chip,Faulconer
E01003473,Dimitry,Ruscitti
E01003474,Delores,Demelis
E01003475,Richelle,Pizzino
E01003476,Kit,Soard
E01003477,Julio,Vanblaricum
E01003480,Hailey,Mckowen
E01003482,Sean,Deblase
E01003483,Rufus,Maroudas
E01003484,Angelyn,Schlieter
E01003488,Allan,Brendal
E01003489,Leonidas,Ordahl
E01003490,Emilee,Stavrositu
E01003491,Georgianna,Hilton
E01003492,Noemi,Kammler
E01003493,Ivor,Kowallis
E01003494,Chrisy,Ealick
E01003495,Janell,Yancik
E01003496,Jean-Lou,Laursen
E01003498,Vernen,Garnick
E01003499,Rosa,Walseth
E01003500,Rad,Aye
E01003501,Gunter,Rada
E01003502,Erica,Mccurry
E01003503,Job,Mcnaney
E01003505,Wood,Lafone
E01003510,Sayer,Gossman
E01003511,Greggory,Gervais
E01003512,Tara,Arigo
E01003516,Whit,Alexis
E01003517,Audree,Mcmillon
E01003518,Heather,Schmeisser
E01003521,Floyd,Faraldo
E01003522,Anders,Monford
E01003523,Marv,Weghorst
E01003524,Nicolas,Meador
E01003526,Odysseus,Battin
E01003527,Emile,Lurey
E01003529,Franky,Nania
E01003531,Frank,Lepere
E01003532,Judith,Schoen
E01003533,Mayer,Tiry
E01003534,Englebert,Soldan
E01003537,Ajay,Rastogi
E01003538,Stearn,Pollica
E01003540,Natale,Eagy
E01003541,Dru,Leggans
E01003542,Hamil,Thomsen
E01003544,Queen,Kausch
E01003546,Lois,Tousom
E01003547,Lena,Offen
E01003548,Domenic,Giangrosso
E01003549,Lessie,Bos
E01003550,Tanya,Mollenkopf
E01003555,Johnathon,Spahr
E01003556,Felice,Betances
E01003557,Jovana,Carnrike
E01003558,Brynn,Mcfate
E01003559,Hezekiah,Kosters
E01003564,Salvidor,Stringari
E01003565,Ricard,Valerie
E01003567,Corey,Bergamine
E01003568,Don,Cillis
E01003570,Melba,Rogian
E01003572,Emil,Bowdish
E01003573,Toya,Brecht
E01003574,Belinda,Mordue
E01003577,Angelika,Surls
E01003578,Baxter,Forth
E01003580,Kristina,Shupe
E01003582,Rockwell,Ortenz