50000,Molly,Pickersgill,8061487
50001,Albert,Gallipo,8374520
50002,Francis,Thul,9466671
50003,Talia,Schmied,8605135
50004,Aiden,Dellajacono,9049049
50005,Darrick,Dirlam,8137852
50006,Eileen,Morkve,8346181
50007,Billy,Fliger,8626094
50008,Ella,Zbierski,9475512
50009,Xavier,Birts,9795821
50010,Phillip,Malzahn,9471163
50011,Mohamed,Seeman,8598818
50012,Tavon,Wolin,9596630
50013,Kara,Medley,9887164
50014,Laurence,Claughton,8472437
50015,Ada,Baerlocher,8168203
50016,Brian,Godinho,8860067
50017,Leon,Wigfall,9433111
50018,Marco,Emmerich,8856179
50019,Miguel,Castiglia,8784930
50020,Elisabeth,Goodwin,8766957
50021,Arnold,Mahfouz,8309732
50022,Seth,Caren,9837700
50023,Sean,Zaretsky,8430396
50024,Vernon,Spraque,9957284
50025,Gavin,Franco,9324834
50026,Ashton,Szoc,8981843
50027,Danny,Izarraras,8074365
50028,Julian,Mizee,8353292
50029,Kristopher,Kohn,9807153
50030,Owen,Tyssens,9030777
50031,Ahmir,Laneve,9010798
50032,Tania,Mahaffy,9854042
50033,Randy,Vidot,8047197
50034,Rachelle,Kuchel,9922708
50035,Jaden,Couser,9242317
50036,Ana,Willenbrock,8897077
50037,Deirdre,Witkus,9658872
50038,Paulette,Tang,9997400
50039,Savon,Barns,9887308
50040,Amina,Burrington,8463770
50041,Franklin,Mckibbon,9767074
50042,Christian,Girolamo,9473650
50043,Norma,Michalek,9755210
50044,Isabelle,Mikkola,8867283
50045,Gregory,Ricardez,8033321
50046,Leo,Popowski,8852710
50047,Betsy,Raup,8522979
50048,Aiden,Trancoso,8692441
50049,Esmeralda,Faurot,9669547
50050,Willie,Bezzo,8053862
50051,Gretchen,Herriot,8483760
50052,Erik,Bochenski,8974940
50053,Herbert,Swansbrough,9865932
50054,Ronan,Hiskey,8503328
50055,Horace,Vaill,8506338
50056,Dale,Willrich,9107871
50057,Dion,Seales,9487201
50058,Brett,Tompson,8525046
50059,Christian,Mendivel,8043586
50060,Tara,Schroyer,8985117
50061,Roderick,Cunard,8327669
50062,Roger,Kinabrew,9575618
50063,Betty,Nissan,9245353
50064,Malcolm,Kilarjian,9180608
50065,Patsy,Beevers,9664865
50066,Cole,Cutt,8101140
50067,Cole,Mcanelly,9169471
50068,Chris,Lapusnak,9349684
50069,Joann,Bory,8048694
50070,Bonita,Tara,9516058
50071,James,Cyler,8291796
50072,Cassandra,Hoy,8123975
50073,Natasha,Erway,8727823
50074,Paul,Dragoo,8151569
50075,Antwan,Ciciora,8028109
50076,Pamela,Wisnewski,9315975
50077,Melvin,Palmucci,8822653
50078,Rose,Drost,9656102
50079,Daisy,Arnesen,8425127
50080,Irene,Kasprak,9806605
50081,Gabriel,Kronstedt,9538719
50082,Kyree,Nesby,8813804
50083,Harry,Sansone,9224428
50084,Timothy,Mosebach,9842994
50085,Tyson,Mostad,9538898
50086,Micheal,Sonnee,9035630
50087,Lucy,Laake,9659586
50088,Dena,Stettner,8765085
50089,Guy,Prabhakar,8717169
50090,Richard,Khum,8220159
50091,Britney,Ogle,8005424
50092,Talia,Erceg,8149366
50093,Austin,Reichert,9127876
50094,Simon,Thonney,9386399
50095,Chris,Mushtaq,8981920
50096,Julian,Silquero,8653548
50097,Benjamin,Hanses,9047748
50098,Danny,Ares,9475470
50099,Jasmine,Okamura,9262723
50100,Alexander,Sarp,8268740
50101,Michael,Viner,8437877
50102,Ricky,Looker,8267515
50103,Roland,Burnaugh,9071195
50104,Ellen,Quituqua,9864100
50105,Edith,Castonguay,9154384
50106,Carlos,Badalamenti,8089299
50107,Lolita,Mckale,9247224
50108,Clare,Piersiak,9831436
50109,Christian,Krauskopf,9561528
50110,Cheryl,Vanhoozier,8893725
50111,Precious,Gembler,9370024
50112,Maeve,Weatherhead,9379912
50113,Jacqueline,Vancise,8213349
50114,Geraldine,Brackins,8124437
50115,Kelvin,Rossnagel,8345992
50116,Blake,Sayegh,9341836
50117,Ella,Jonak,9798585
50118,Bryce,Champagne,8575657
50119,Summer,Dembitzer,9771131
50120,Douglas,Rozzelle,9024453
50121,Bob,Prociuk,8264446
50122,Henrietta,Sjodin,8730621
50123,Viola,Egizi,8827433
50124,Yvette,Mckinley,9005978
50125,Paige,Evan,9470764
50126,Eden,Gockley,9776111
50127,Andrew,Laessig,8928707
50128,Allen,Strei,8463627
50129,Wanda,Rodefer,9906397
50130,Zion,Imbert,9635303
50131,Laurie,Levreault,9082020
50132,Emma,Hamdn,9916384
50133,Celeste,Wittekind,8300985
50134,Lakisha,Delee,9518830
50135,Ida,Grundon,8634293
50136,Norman,Brockus,9279327
50137,Marcus,Lettinga,8915859
50138,Harry,Prestwich,9035572
50139,Louis,Mar,8193069
50140,Eryn,Hoagberg,9350133
50141,Madeleine,Ravelo,8797842
50142,Melvin,Crusan,8184640
50143,Antionette,Labadie,8040441
50144,Annie,Ovellette,9389785
50145,Colleen,Vangorder,9785149
50146,Ray,Nangle,9067320
50147,Jerry,Latson,9974438
50148,Natalia,Weedman,8451768
50149,Michelle,Schwinn,9832899
50150,China,Ludgood,9327868
50151,Audrey,Wiman,8087254
50152,Jeremiah,Zwagerman,9134358
50153,Hal,Mclaughlan,8705750
50154,Steven,Barreto,9154399
50155,Robert,Reesor,8657698
50156,Rhonda,Riggle,9178017
50157,Ruby,Donnely,9562582
50158,Naomi,Panter,8474303
50159,Sherri,Yerian,8136291
50160,Ana,Bastidas,8025253
50161,Sadie,Baynham,8908695
50162,Kathleen,Weglin,9190654
50163,Leo,Krochmal,8168968
50164,Brandon,Frutchey,9882815
50165,Iris,Flicker,9182504
50166,Betty,Kerby,9831573
50167,Solomon,Zaharek,9193100
50168,Michael,Suriel,8634143
50169,Jamar,Blackshear,9373322
50170,Lorenzo,Jefferys,9223128
50171,Roland,Havens,9419581
50172,Aidan,Vargason,8472895
50173,Oliver,Atcheson,8006139
50174,Mona,Defranco,9817683
50175,Helen,Halmick,9364910
50176,Ralph,Tangren,8844710
50177,Sam,Juan,8562842
50178,Jaelyn,Beardall,9763231
50179,Henry,Crozier,9715225
50180,Patrice,Lele,9310734
50181,Virginia,Nooman,9418055
50182,Patsy,Bearden,9384320
50183,Bryan,Spreitzer,8131071
50184,Erick,Caviness,9512249
50185,Morris,Crom,8703568
50186,Erin,Derita,9728430
50187,Traci,Kania,9941614
50188,Samantha,Gauna,9475838
50189,Carl,Imburgia,8699547
50190,Fred,Sunkel,9805015
50191,Ryan,Hou,8810636
50192,Kimberly,Feiler,9019246
50193,Fred,Antosh,8088962
50194,Courtney,Labate,9043887
50195,Doris,Kuning,9786196
50196,Rickey,Jolin,8076853
50197,Elle,Mcspadden,9623311
50198,Miriam,Gould,8294908
50199,Phillip,Shbi,9890531
50200,Veronica,Pedrotti,8623225
50201,Deborah,Roediger,9928877
50202,Wilbert,Boxwell,8783559
50203,Dominic,Preli,8295600
50204,Jody,Zorn,9253703
50205,James,Vintila,8673627
50206,Michele,Santago,8337290
50207,Patrick,Shedden,8804199
50208,Ali,Degagne,8659482
50209,Leo,Marafioti,8264950
50210,Monica,Tinnell,8236884
50211,Betty,Groce,8135256
50212,Skylar,Depolito,8658395
50213,Shannon,Dencklau,9392924
50214,Walter,Gotto,9054290
50215,Ladonna,Byas,8965927
50216,Adeline,Mardirosian,8003274
50217,Elisabeth,Tacy,9860956
50218,Samuel,Vanderploeg,8866464
50219,Frances,Foye,9232820
50220,Charlene,Hromek,8876385
50221,Bruce,Rutenberg,8936218
50222,Roger,Deroko,9912581
50223,Marc,Coale,8539332
50224,Grace,Knaphus,8034955
50225,Mackenzie,Massmann,8177018
50226,Gilbert,Pignotti,9048594
50227,Donald,Bonavita,9433970
50228,Devon,Duffney,9258905
50229,Stephen,Scarnati,8285583
50230,Dana,Odhner,8183959
50231,Isaiah,Commodore,9229478
50232,Charlene,Ptak,8724700
50233,Grant,Schriber,9010433
50234,Ruth,Bohringer,8125353
50235,Manuel,Mikolajczak,8763737
50236,Elaine,Principe,8359826
50237,Martin,Vendrick,8039227
50238,Greg,Kouyate,9888432
50239,Clifford,Beem,9121988
50240,Veronica,Greaver,8395022
50241,Julia,Copelin,8596385
50242,Eleanor,Zich,8173106
50243,Edith,Steffenhagen,8337270
50244,Michael,Milfort,9941181
50245,Jordan,Argue,8261565
50246,Cesar,Suess,9340284
50247,Cyrus,Bonello,8021506
50248,Cynthia,Burvine,9460213
50249,Belinda,Mcgrann,9630730
50250,Patti,Blocker,8044238
50251,Pearline,Laspina,8854765
50252,Jamari,Paolicelli,9338697
50253,Isaiah,Goodhart,8510413
50254,Horace,Fine,9213933
50255,Tara,Sinistore,9317031
50256,Deborah,Klarin,9040609
50257,Estefany,Steptoe,8102319
50258,Mary,Grueninger,8089235
50259,Leona,Johe,9648441
50260,Latoya,Vansteenburg,9773593
50261,Grace,Murr,8711379
50262,Kyree,Mccanse,8846025
50263,Madeline,Vanhove,8575040
50264,Davonte,Saylors,9716006
50265,Margot,Garrell,8878915
50266,Quinn,Berlinger,8989758
50267,Cedric,Honch,8489530
50268,Leroy,Kettelle,9696402
50269,Edward,Trudo,8658938
50270,Emily,Dewitz,9597366
50271,Johanna,Wallbank,9933395
50272,Martin,Reddington,9631403
50273,Antoine,Coutu,9891721
50274,Pierre,Lieber,8919075
50275,Rosalind,Cito,8235130
50276,Carlos,Billot,8841279
50277,Duane,Gracy,9504757
50278,Brian,Brenner,8652941
50279,Garland,Keawe,8179650
50280,Marianne,Keyton,8327730
50281,Elisabeth,Kazemi,8526949
50282,Frederick,Hamlet,9911454
50283,Mohammad,Luthe,9804546
50284,Brooke,Kry,8799908
50285,Roderick,Alier,8377473
50286,Bonnie,Galstian,9564827
50287,Daniel,Oberfell,9382176
50288,Gary,Hendy,9919648
50289,Jake,Chaobal,9077867
50290,Cynthia,Ploszaj,9735724
50291,Aniya,Aloia,8456524
50292,Preston,Worstel,9798125
50293,Desmond,Garnache,8909881
50294,Marlon,Hokett,9597455
50295,Mia,Hollaway,8213882
50296,Anne,Bice,9538707
50297,Erin,Severson,9902015
50298,Loretta,Stank,8890958
50299,Glenn,Sutor,8117261
50300,Rodney,Winterhalter,9393024
50301,Tyree,Kirchmann,9190622
50302,Jane,Szoka,8858154
50303,Sabrina,Arbuckle,9577767
50304,Jeffrey,Huckfeldt,9173831
50305,Diana,Zenk,8730641
50306,Sylvester,Berntsen,8873232
50307,Kaleb,Swithenbank,9702178
50308,Darren,Forgach,9862184
50309,Timothy,Markowski,9844672
50310,Rashad,Kalla,9035441
50311,Javier,Oilvares,8141045
50312,Conrad,Peay,9722677
50313,Daryl,Hightree,9151803
50314,Kris,Tepp,8425040
50315,Derrick,Reisling,9102507
50316,Latia,Shumate,8900432
50317,Anna,Blackbum,9929719
50318,Gordon,Knutzen,9020064
50319,Josephine,Wilds,9519620
50320,Meagan,Tregoning,9560438
50321,Milton,Glickman,9728906
50322,Loretta,Lyke,8189682
50323,Annie,Gressmire,8128526
50324,Henrietta,Ginkel,9936257
50325,Carlton,Bershadsky,8920615
50326,Stanley,Oilvares,9120561
50327,Laura,Bertucci,9605776
50328,Celeste,Zayicek,9801574
50329,Deirdre,Massar,8474247
50330,Lina,Ellingwood,9702254
50331,Lisa,Vigor,8671222
50332,Stuart,Rhodarmer,8626289
50333,Catherine,Crofton,9921748
50334,Conor,Greenlief,8165964
50335,Ashely,Batts,9943984
50336,Philip,Lekberg,9377108
50337,Kerry,Deichmann,9421345
50338,Shane,Salera,9129639
50339,Arthur,Bumby,9786200
50340,Wilbur,Dziegielewski,9820669
50341,Michael,Streicher,8422610
50342,Marjorie,Nocks,9501532
50343,Molly,Wanczyk,8454756
50344,Bobby,Tempelton,9964789
50345,Ronnie,Eska,8083941
50346,Lewis,Marceaux,9080587
50347,Dana,Kiko,9280250
50348,Bradford,Michela,9569799
50349,Edmund,Nases,9902314
50350,Isaiah,Reamer,8602442
50351,Mark,Mcdermett,9210971
50352,Darrell,Olgvin,8654020
50353,Gavin,Rydolph,9676248
50354,Douglas,Englehart,8380016
50355,Lesly,Combes,8952115
50356,Cornell,Liesmann,9235688
50357,Roberto,Garrette,8479363
50358,Joseph,Hinman,8728686
50359,Octavia,Senft,8814599
50360,Ricardo,Lansey,8684697
50361,Jaylen,Desan,8617104
50362,Brooke,Kapps,9940794
50363,Ernestine,Ehrmann,9195305
50364,Thomas,Whetten,8355354
50365,Leroy,Sebourn,8307478
50366,William,Taitague,8843350
50367,Genesis,Pontin,8754134
50368,Hannah,Forgette,8441179
50369,Oliver,Lidke,8399442
50370,Sophie,Markou,9426325
50371,Kelsey,Holck,8617879
50372,Luke,Purviance,9540819
50373,Charles,Lenhard,8512168
50374,Reginald,Drinnon,9037182
50375,Juan,Gallen,9368400
50376,Andrea,Mcclintock,8817926
50377,Isaiah,Rance,9231662
50378,Stephen,Dreisbach,8767119
50379,Maurice,Quenneville,8543062
50380,Jonathan,Kennell,8473205
50381,Joanna,Drinkall,8846042
50382,Brian,Strome,9837381
50383,Justin,Enzenauer,8651057
50384,Marshall,Razo,9912946
50385,Claire,Cutten,9446278
50386,Myles,Grum,9041813
50387,Brian,Pochintesta,8128474
50388,Nathaniel,Mowder,8355935
50389,Donald,Bruegman,9494304
50390,Kendra,Gervais,8935181
50391,Korey,Sare,9947332
50392,Dan,Schroder,9821811
50393,Lynne,Delfelder,9472515
50394,Jay,Deltoro,8209461
50395,Eric,Falero,9862427
50396,Tanya,Thornburg,9543535
50397,Toni,Ososkie,8341853
50398,Nicholas,Chicca,8441359
50399,Rory,Burl,8870937
50400,Cecilia,Semprini,9772032
50401,Annie,Gillam,8155132
50402,Jeanette,Bielik,8778053
50403,Lawrence,Notaro,8224707
50404,Jaleesa,Hendericks,9514016
50405,Justine,Guitar,9176997
50406,Anna,Gerringer,9091035
50407,Russell,Romera,8947912
50408,Diana,Allison,9727428
50409,Elise,Sieker,9975557
50410,Dominique,Lisman,8211697
50411,Georgia,Rizza,9583433
50412,Kareem,Breidenbach,8526445
50413,Walter,Murrah,8664957
50414,Larry,Vondohlen,8200338
50415,Angela,Tivis,8067537
50416,Lloyd,Aliff,8036895
50417,Joaquin,Torset,9552118
50418,Jose,Freud,9381030
50419,George,Leesman,8060474
50420,Darryl,Felberbaum,8725746
50421,Harry,Ferm,8111735
50422,Christopher,Solak,8935032
50423,Paulette,Zenke,9730492
50424,Edwin,Suskin,9648516
50425,Doris,Rex,8860966
50426,Nadia,Mastine,9613727
50427,Rachel,Speyrer,9901085
50428,Donald,Mahoe,8266023
50429,Brett,Heitmeyer,8251993
50430,Hattie,Hagopian,9849583
50431,Rashad,Mccory,8509919
50432,Rodney,Schramek,9253234
50433,Tyrone,Potter,8429740
50434,Precious,Ornelas,9702288
50435,Jeannette,Luette,9297820
50436,Barry,Reives,8217779
50437,Peggy,Glodich,8595297
50438,Monet,Gertsch,8194385
50439,Ilene,Scharnberg,8003148
50440,Jeremy,Spindola,8070105
50441,Beth,Nunn,9399043
50442,Terence,Fulfer,9542202
50443,Marvin,Graul,8832814
50444,Christian,Gillim,9760192
50445,Liam,Colwell,9008466
50446,Nicholas,Soens,9534111
50447,Roderick,Bolen,9635468
50448,Darnell,Kosters,9411378
50449,Clifford,Lattrell,8474397
50450,Dianne,Monz,8018024
50451,Brendan,Bomaster,8039141
50452,Sally,Auckley,8550526
50453,Antoine,Nestle,9801340
50454,Kathy,Lowther,9247232
50455,Charlotte,Hoeppner,9533789
50456,Lawrence,Lovinggood,9977804
50457,Samuel,Mason,8311781
50458,Dorothy,Ertman,8418239
50459,Kai,Hanville,9528055
50460,Khalil,Branker,9650353
50461,Angel,Yamin,8490651
50462,Alejandro,Morera,8663129
50463,Connie,Wiesehan,8065000
50464,Elliott,Juergens,8143617
50465,Jesse,Loreto,8071451
50466,Harriet,Sales,9184265
50467,Ricky,Roane,9682240
50468,Daphne,Dreka,9546469
50469,Robert,Loosey,9921339
50470,Melanie,Migl,8617704
50471,Martin,Baltierra,8483783
50472,Diego,Haimes,8983960
50473,Otis,Barsness,9624258
50474,Tony,Vollick,8694637
50475,Donna,Cable,8202708
50476,Donnell,Pavlak,9956558
50477,Simone,Spigelmyer,9308348
50478,Kermit,Lekey,9866547
50479,Grant,Mergist,8849066
50480,Shelia,Yglesias,8949401
50481,Colleen,Spradlin,8955382
50482,Roy,Sawin,9778218
50483,Robin,Age,8497434
50484,Ellen,Wuertz,8961332
50485,Clyde,Spoleti,8123848
50486,Marquis,Boyken,8722306
50487,Adrienne,Trebilcock,9005390
50488,Zion,Ibara,8909050
50489,Kevin,Poette,9978021
50490,Sabrina,Lairsey,9932022
50491,Lorenzo,Wattson,8442623
50492,Kesha,Fritcher,9311095
50493,Rebecca,Amsinger,9615852
50494,Pedro,Dicey,8841231
50495,Leonard,Grijalva,8561516
50496,Jamal,Kozeliski,8308704
50497,Anita,Dragoo,8199432
50498,Arthur,Munet,9757889
50499,Randall,Mcgiveron,8950160
